create table currency
(
    id                 int auto_increment
        primary key,
    name               varchar(255) null,
    symbol             varchar(255) null,
    `rank`             int          null,
    main_link          text         null,
    historical_link    text         null,
    circulating_supply double       null
);

INSERT INTO currencies.currency (id, name, symbol, `rank`, main_link, historical_link, circulating_supply) VALUES (1, 'Bitcoin', 'BTC', 1, 'https://coinmarketcap.com/currencies/bitcoin/', 'https://coinmarketcap.com/currencies/bitcoin/historical-data/', 19467775);
INSERT INTO currencies.currency (id, name, symbol, `rank`, main_link, historical_link, circulating_supply) VALUES (2, 'Ethereum', 'ETH', 2, 'https://coinmarketcap.com/currencies/ethereum/', 'https://coinmarketcap.com/currencies/ethereum/historical-data/', 120216444);
INSERT INTO currencies.currency (id, name, symbol, `rank`, main_link, historical_link, circulating_supply) VALUES (3, 'Tether USDt', 'USDT', 3, 'https://coinmarketcap.com/currencies/tether/', 'https://coinmarketcap.com/currencies/tether/historical-data/', 82849133566);
INSERT INTO currencies.currency (id, name, symbol, `rank`, main_link, historical_link, circulating_supply) VALUES (4, 'BNB', 'BNB', 4, 'https://coinmarketcap.com/currencies/bnb/', 'https://coinmarketcap.com/currencies/bnb/historical-data/', 153851122);
INSERT INTO currencies.currency (id, name, symbol, `rank`, main_link, historical_link, circulating_supply) VALUES (5, 'XRP', 'XRP', 5, 'https://coinmarketcap.com/currencies/xrp/', 'https://coinmarketcap.com/currencies/xrp/historical-data/', 52914193551);
INSERT INTO currencies.currency (id, name, symbol, `rank`, main_link, historical_link, circulating_supply) VALUES (6, 'USD Coin', 'USDC', 6, 'https://coinmarketcap.com/currencies/usd-coin/', 'https://coinmarketcap.com/currencies/usd-coin/historical-data/', 25916750966);
INSERT INTO currencies.currency (id, name, symbol, `rank`, main_link, historical_link, circulating_supply) VALUES (7, 'Cardano', 'ADA', 7, 'https://coinmarketcap.com/currencies/cardano/', 'https://coinmarketcap.com/currencies/cardano/historical-data/', 35058106675);
INSERT INTO currencies.currency (id, name, symbol, `rank`, main_link, historical_link, circulating_supply) VALUES (8, 'Dogecoin', 'DOGE', 8, 'https://coinmarketcap.com/currencies/dogecoin/', 'https://coinmarketcap.com/currencies/dogecoin/historical-data/', 140739636384);
INSERT INTO currencies.currency (id, name, symbol, `rank`, main_link, historical_link, circulating_supply) VALUES (9, 'Solana', 'SOL', 9, 'https://coinmarketcap.com/currencies/solana/', 'https://coinmarketcap.com/currencies/solana/historical-data/', 407893307);
INSERT INTO currencies.currency (id, name, symbol, `rank`, main_link, historical_link, circulating_supply) VALUES (10, 'TRON', 'TRX', 10, 'https://coinmarketcap.com/currencies/tron/', 'https://coinmarketcap.com/currencies/tron/historical-data/', 89376407310);
INSERT INTO currencies.currency (id, name, symbol, `rank`, main_link, historical_link, circulating_supply) VALUES (11, 'Polkadot', 'DOT', 11, 'https://coinmarketcap.com/currencies/polkadot-new/', 'https://coinmarketcap.com/currencies/polkadot-new/historical-data/', 1216636775);
INSERT INTO currencies.currency (id, name, symbol, `rank`, main_link, historical_link, circulating_supply) VALUES (12, 'Dai', 'DAI', 12, 'https://coinmarketcap.com/currencies/multi-collateral-dai/', 'https://coinmarketcap.com/currencies/multi-collateral-dai/historical-data/', 5347888596);
INSERT INTO currencies.currency (id, name, symbol, `rank`, main_link, historical_link, circulating_supply) VALUES (13, 'Polygon', 'MATIC', 13, 'https://coinmarketcap.com/currencies/polygon/', 'https://coinmarketcap.com/currencies/polygon/historical-data/', 9319469069);
INSERT INTO currencies.currency (id, name, symbol, `rank`, main_link, historical_link, circulating_supply) VALUES (14, 'Toncoin', 'TON', 14, 'https://coinmarketcap.com/currencies/toncoin/', 'https://coinmarketcap.com/currencies/toncoin/historical-data/', 3431892088);
INSERT INTO currencies.currency (id, name, symbol, `rank`, main_link, historical_link, circulating_supply) VALUES (15, 'Litecoin', 'LTC', 15, 'https://coinmarketcap.com/currencies/litecoin/', 'https://coinmarketcap.com/currencies/litecoin/historical-data/', 73580945);
INSERT INTO currencies.currency (id, name, symbol, `rank`, main_link, historical_link, circulating_supply) VALUES (16, 'Shiba Inu', 'SHIB', 16, 'https://coinmarketcap.com/currencies/shiba-inu/', 'https://coinmarketcap.com/currencies/shiba-inu/historical-data/', 589346914631298);
INSERT INTO currencies.currency (id, name, symbol, `rank`, main_link, historical_link, circulating_supply) VALUES (17, 'Wrapped Bitcoin', 'WBTC', 17, 'https://coinmarketcap.com/currencies/wrapped-bitcoin/', 'https://coinmarketcap.com/currencies/wrapped-bitcoin/historical-data/', 162889);
INSERT INTO currencies.currency (id, name, symbol, `rank`, main_link, historical_link, circulating_supply) VALUES (18, 'Bitcoin Cash', 'BCH', 18, 'https://coinmarketcap.com/currencies/bitcoin-cash/', 'https://coinmarketcap.com/currencies/bitcoin-cash/historical-data/', 19486281);
INSERT INTO currencies.currency (id, name, symbol, `rank`, main_link, historical_link, circulating_supply) VALUES (19, 'UNUS SED LEO', 'LEO', 19, 'https://coinmarketcap.com/currencies/unus-sed-leo/', 'https://coinmarketcap.com/currencies/unus-sed-leo/historical-data/', 929525858);
INSERT INTO currencies.currency (id, name, symbol, `rank`, main_link, historical_link, circulating_supply) VALUES (20, 'Avalanche', 'AVAX', 20, 'https://coinmarketcap.com/currencies/avalanche/', 'https://coinmarketcap.com/currencies/avalanche/historical-data/', 344083482);
INSERT INTO currencies.currency (id, name, symbol, `rank`, main_link, historical_link, circulating_supply) VALUES (21, 'Stellar', 'XLM', 21, 'https://coinmarketcap.com/currencies/stellar/', 'https://coinmarketcap.com/currencies/stellar/historical-data/', 27417916736);
INSERT INTO currencies.currency (id, name, symbol, `rank`, main_link, historical_link, circulating_supply) VALUES (22, 'Chainlink', 'LINK', 22, 'https://coinmarketcap.com/currencies/chainlink/', 'https://coinmarketcap.com/currencies/chainlink/historical-data/', 538099970);
INSERT INTO currencies.currency (id, name, symbol, `rank`, main_link, historical_link, circulating_supply) VALUES (23, 'Binance USD', 'BUSD', 23, 'https://coinmarketcap.com/currencies/binance-usd/', 'https://coinmarketcap.com/currencies/binance-usd/historical-data/', 3152534685);
INSERT INTO currencies.currency (id, name, symbol, `rank`, main_link, historical_link, circulating_supply) VALUES (24, 'TrueUSD', 'TUSD', 24, 'https://coinmarketcap.com/currencies/trueusd/', 'https://coinmarketcap.com/currencies/trueusd/historical-data/', 2907448856);
INSERT INTO currencies.currency (id, name, symbol, `rank`, main_link, historical_link, circulating_supply) VALUES (25, 'Uniswap', 'UNI', 25, 'https://coinmarketcap.com/currencies/uniswap/', 'https://coinmarketcap.com/currencies/uniswap/historical-data/', 577501031);
INSERT INTO currencies.currency (id, name, symbol, `rank`, main_link, historical_link, circulating_supply) VALUES (26, 'Monero', 'XMR', 26, 'https://coinmarketcap.com/currencies/monero/', 'https://coinmarketcap.com/currencies/monero/historical-data/', 18323142);
INSERT INTO currencies.currency (id, name, symbol, `rank`, main_link, historical_link, circulating_supply) VALUES (27, 'OKB', 'OKB', 27, 'https://coinmarketcap.com/currencies/okb/', 'https://coinmarketcap.com/currencies/okb/historical-data/', 60000000);
INSERT INTO currencies.currency (id, name, symbol, `rank`, main_link, historical_link, circulating_supply) VALUES (28, 'Cosmos', 'ATOM', 28, 'https://coinmarketcap.com/currencies/cosmos/', 'https://coinmarketcap.com/currencies/cosmos/historical-data/', 346608690);
INSERT INTO currencies.currency (id, name, symbol, `rank`, main_link, historical_link, circulating_supply) VALUES (29, 'Ethereum Classic', 'ETC', 29, 'https://coinmarketcap.com/currencies/ethereum-classic/', 'https://coinmarketcap.com/currencies/ethereum-classic/historical-data/', 142692668);
INSERT INTO currencies.currency (id, name, symbol, `rank`, main_link, historical_link, circulating_supply) VALUES (30, 'Hedera', 'HBAR', 30, 'https://coinmarketcap.com/currencies/hedera/', 'https://coinmarketcap.com/currencies/hedera/historical-data/', 33083237217);
INSERT INTO currencies.currency (id, name, symbol, `rank`, main_link, historical_link, circulating_supply) VALUES (31, 'Internet Computer', 'ICP', 31, 'https://coinmarketcap.com/currencies/internet-computer/', 'https://coinmarketcap.com/currencies/internet-computer/historical-data/', 442084120);
INSERT INTO currencies.currency (id, name, symbol, `rank`, main_link, historical_link, circulating_supply) VALUES (32, 'Filecoin', 'FIL', 32, 'https://coinmarketcap.com/currencies/filecoin/', 'https://coinmarketcap.com/currencies/filecoin/historical-data/', 443258347);
INSERT INTO currencies.currency (id, name, symbol, `rank`, main_link, historical_link, circulating_supply) VALUES (33, 'Mantle', 'MNT', 33, 'https://coinmarketcap.com/currencies/mantle/', 'https://coinmarketcap.com/currencies/mantle/historical-data/', 3234382071);
INSERT INTO currencies.currency (id, name, symbol, `rank`, main_link, historical_link, circulating_supply) VALUES (34, 'Lido DAO', 'LDO', 34, 'https://coinmarketcap.com/currencies/lido-dao/', 'https://coinmarketcap.com/currencies/lido-dao/historical-data/', 887699772);
INSERT INTO currencies.currency (id, name, symbol, `rank`, main_link, historical_link, circulating_supply) VALUES (35, 'Cronos', 'CRO', 35, 'https://coinmarketcap.com/currencies/cronos/', 'https://coinmarketcap.com/currencies/cronos/historical-data/', 25263013692);
INSERT INTO currencies.currency (id, name, symbol, `rank`, main_link, historical_link, circulating_supply) VALUES (36, 'Aptos', 'APT', 36, 'https://coinmarketcap.com/currencies/aptos/', 'https://coinmarketcap.com/currencies/aptos/historical-data/', 227235133);
INSERT INTO currencies.currency (id, name, symbol, `rank`, main_link, historical_link, circulating_supply) VALUES (37, 'Quant', 'QNT', 37, 'https://coinmarketcap.com/currencies/quant/', 'https://coinmarketcap.com/currencies/quant/historical-data/', 12072738);
INSERT INTO currencies.currency (id, name, symbol, `rank`, main_link, historical_link, circulating_supply) VALUES (38, 'Arbitrum', 'ARB', 38, 'https://coinmarketcap.com/currencies/arbitrum/', 'https://coinmarketcap.com/currencies/arbitrum/historical-data/', 1275000000);
INSERT INTO currencies.currency (id, name, symbol, `rank`, main_link, historical_link, circulating_supply) VALUES (39, 'VeChain', 'VET', 39, 'https://coinmarketcap.com/currencies/vechain/', 'https://coinmarketcap.com/currencies/vechain/historical-data/', 72714516834);
INSERT INTO currencies.currency (id, name, symbol, `rank`, main_link, historical_link, circulating_supply) VALUES (40, 'NEAR Protocol', 'NEAR', 40, 'https://coinmarketcap.com/currencies/near-protocol/', 'https://coinmarketcap.com/currencies/near-protocol/historical-data/', 941671517);
INSERT INTO currencies.currency (id, name, symbol, `rank`, main_link, historical_link, circulating_supply) VALUES (41, 'Optimism', 'OP', 41, 'https://coinmarketcap.com/currencies/optimism-ethereum/', 'https://coinmarketcap.com/currencies/optimism-ethereum/historical-data/', 716708907);
INSERT INTO currencies.currency (id, name, symbol, `rank`, main_link, historical_link, circulating_supply) VALUES (42, 'Maker', 'MKR', 42, 'https://coinmarketcap.com/currencies/maker/', 'https://coinmarketcap.com/currencies/maker/historical-data/', 977631);
INSERT INTO currencies.currency (id, name, symbol, `rank`, main_link, historical_link, circulating_supply) VALUES (43, 'Aave', 'AAVE', 43, 'https://coinmarketcap.com/currencies/aave/', 'https://coinmarketcap.com/currencies/aave/historical-data/', 14524340);
INSERT INTO currencies.currency (id, name, symbol, `rank`, main_link, historical_link, circulating_supply) VALUES (44, 'The Graph', 'GRT', 44, 'https://coinmarketcap.com/currencies/the-graph/', 'https://coinmarketcap.com/currencies/the-graph/historical-data/', 9164031528);
INSERT INTO currencies.currency (id, name, symbol, `rank`, main_link, historical_link, circulating_supply) VALUES (45, 'Algorand', 'ALGO', 45, 'https://coinmarketcap.com/currencies/algorand/', 'https://coinmarketcap.com/currencies/algorand/historical-data/', 7827171346);
INSERT INTO currencies.currency (id, name, symbol, `rank`, main_link, historical_link, circulating_supply) VALUES (46, 'XDC Network', 'XDC', 46, 'https://coinmarketcap.com/currencies/xdc-network/', 'https://coinmarketcap.com/currencies/xdc-network/historical-data/', 13858710886);
INSERT INTO currencies.currency (id, name, symbol, `rank`, main_link, historical_link, circulating_supply) VALUES (47, 'USDD', 'USDD', 47, 'https://coinmarketcap.com/currencies/usdd/', 'https://coinmarketcap.com/currencies/usdd/historical-data/', 725332035);
INSERT INTO currencies.currency (id, name, symbol, `rank`, main_link, historical_link, circulating_supply) VALUES (48, 'Axie Infinity', 'AXS', 48, 'https://coinmarketcap.com/currencies/axie-infinity/', 'https://coinmarketcap.com/currencies/axie-infinity/historical-data/', 140847467);
INSERT INTO currencies.currency (id, name, symbol, `rank`, main_link, historical_link, circulating_supply) VALUES (49, 'The Sandbox', 'SAND', 49, 'https://coinmarketcap.com/currencies/the-sandbox/', 'https://coinmarketcap.com/currencies/the-sandbox/historical-data/', 2064931926);
INSERT INTO currencies.currency (id, name, symbol, `rank`, main_link, historical_link, circulating_supply) VALUES (50, 'Tezos', 'XTZ', 50, 'https://coinmarketcap.com/currencies/tezos/', 'https://coinmarketcap.com/currencies/tezos/historical-data/', 950170580);
INSERT INTO currencies.currency (id, name, symbol, `rank`, main_link, historical_link, circulating_supply) VALUES (51, 'Stacks', 'STX', 51, 'https://coinmarketcap.com/currencies/stacks/', 'https://coinmarketcap.com/currencies/stacks/historical-data/', 1403323335);
INSERT INTO currencies.currency (id, name, symbol, `rank`, main_link, historical_link, circulating_supply) VALUES (52, 'MultiversX', 'EGLD', 52, 'https://coinmarketcap.com/currencies/multiversx-egld/', 'https://coinmarketcap.com/currencies/multiversx-egld/historical-data/', 25879171);
INSERT INTO currencies.currency (id, name, symbol, `rank`, main_link, historical_link, circulating_supply) VALUES (53, 'EOS', 'EOS', 53, 'https://coinmarketcap.com/currencies/eos/', 'https://coinmarketcap.com/currencies/eos/historical-data/', 1100753047);
INSERT INTO currencies.currency (id, name, symbol, `rank`, main_link, historical_link, circulating_supply) VALUES (54, 'Theta Network', 'THETA', 54, 'https://coinmarketcap.com/currencies/theta-network/', 'https://coinmarketcap.com/currencies/theta-network/historical-data/', 1000000000);
INSERT INTO currencies.currency (id, name, symbol, `rank`, main_link, historical_link, circulating_supply) VALUES (55, 'Immutable', 'IMX', 55, 'https://coinmarketcap.com/currencies/immutable-x/', 'https://coinmarketcap.com/currencies/immutable-x/historical-data/', 1123390887);
INSERT INTO currencies.currency (id, name, symbol, `rank`, main_link, historical_link, circulating_supply) VALUES (56, 'Injective', 'INJ', 56, 'https://coinmarketcap.com/currencies/injective/', 'https://coinmarketcap.com/currencies/injective/historical-data/', 83755556);
INSERT INTO currencies.currency (id, name, symbol, `rank`, main_link, historical_link, circulating_supply) VALUES (57, 'Fantom', 'FTM', 57, 'https://coinmarketcap.com/currencies/fantom/', 'https://coinmarketcap.com/currencies/fantom/historical-data/', 2802691357);
INSERT INTO currencies.currency (id, name, symbol, `rank`, main_link, historical_link, circulating_supply) VALUES (58, 'Bitcoin SV', 'BSV', 58, 'https://coinmarketcap.com/currencies/bitcoin-sv/', 'https://coinmarketcap.com/currencies/bitcoin-sv/historical-data/', 19266077);
INSERT INTO currencies.currency (id, name, symbol, `rank`, main_link, historical_link, circulating_supply) VALUES (59, 'Decentraland', 'MANA', 59, 'https://coinmarketcap.com/currencies/decentraland/', 'https://coinmarketcap.com/currencies/decentraland/historical-data/', 1893095371);
INSERT INTO currencies.currency (id, name, symbol, `rank`, main_link, historical_link, circulating_supply) VALUES (60, 'Synthetix', 'SNX', 60, 'https://coinmarketcap.com/currencies/synthetix/', 'https://coinmarketcap.com/currencies/synthetix/historical-data/', 269121362);
INSERT INTO currencies.currency (id, name, symbol, `rank`, main_link, historical_link, circulating_supply) VALUES (61, 'Render', 'RNDR', 61, 'https://coinmarketcap.com/currencies/render/', 'https://coinmarketcap.com/currencies/render/historical-data/', 371908453);
INSERT INTO currencies.currency (id, name, symbol, `rank`, main_link, historical_link, circulating_supply) VALUES (62, 'ApeCoin', 'APE', 62, 'https://coinmarketcap.com/currencies/apecoin-ape/', 'https://coinmarketcap.com/currencies/apecoin-ape/historical-data/', 368593750);
INSERT INTO currencies.currency (id, name, symbol, `rank`, main_link, historical_link, circulating_supply) VALUES (63, 'Pax Dollar', 'USDP', 63, 'https://coinmarketcap.com/currencies/paxos-standard/', 'https://coinmarketcap.com/currencies/paxos-standard/historical-data/', 510215145);
INSERT INTO currencies.currency (id, name, symbol, `rank`, main_link, historical_link, circulating_supply) VALUES (64, 'Neo', 'NEO', 64, 'https://coinmarketcap.com/currencies/neo/', 'https://coinmarketcap.com/currencies/neo/historical-data/', 70538831);
INSERT INTO currencies.currency (id, name, symbol, `rank`, main_link, historical_link, circulating_supply) VALUES (65, 'THORChain', 'RUNE', 65, 'https://coinmarketcap.com/currencies/thorchain/', 'https://coinmarketcap.com/currencies/thorchain/historical-data/', 340415651);
INSERT INTO currencies.currency (id, name, symbol, `rank`, main_link, historical_link, circulating_supply) VALUES (66, 'Kava', 'KAVA', 66, 'https://coinmarketcap.com/currencies/kava/', 'https://coinmarketcap.com/currencies/kava/historical-data/', 719219914);
INSERT INTO currencies.currency (id, name, symbol, `rank`, main_link, historical_link, circulating_supply) VALUES (67, 'PAX Gold', 'PAXG', 67, 'https://coinmarketcap.com/currencies/pax-gold/', 'https://coinmarketcap.com/currencies/pax-gold/historical-data/', 249150);
INSERT INTO currencies.currency (id, name, symbol, `rank`, main_link, historical_link, circulating_supply) VALUES (68, 'Tether Gold', 'XAUt', 68, 'https://coinmarketcap.com/currencies/tether-gold/', 'https://coinmarketcap.com/currencies/tether-gold/historical-data/', 246524);
INSERT INTO currencies.currency (id, name, symbol, `rank`, main_link, historical_link, circulating_supply) VALUES (69, 'eCash', 'XEC', 69, 'https://coinmarketcap.com/currencies/ecash/', 'https://coinmarketcap.com/currencies/ecash/historical-data/', 19480448423093);
INSERT INTO currencies.currency (id, name, symbol, `rank`, main_link, historical_link, circulating_supply) VALUES (70, 'Flow', 'FLOW', 70, 'https://coinmarketcap.com/currencies/flow/', 'https://coinmarketcap.com/currencies/flow/historical-data/', 1036200000);
INSERT INTO currencies.currency (id, name, symbol, `rank`, main_link, historical_link, circulating_supply) VALUES (71, 'Rocket Pool', 'RPL', 71, 'https://coinmarketcap.com/currencies/rocket-pool/', 'https://coinmarketcap.com/currencies/rocket-pool/historical-data/', 19620795);
INSERT INTO currencies.currency (id, name, symbol, `rank`, main_link, historical_link, circulating_supply) VALUES (72, 'Chiliz', 'CHZ', 72, 'https://coinmarketcap.com/currencies/chiliz/', 'https://coinmarketcap.com/currencies/chiliz/historical-data/', 7126880905);
INSERT INTO currencies.currency (id, name, symbol, `rank`, main_link, historical_link, circulating_supply) VALUES (73, 'Gala', 'GALA', 73, 'https://coinmarketcap.com/currencies/gala/', 'https://coinmarketcap.com/currencies/gala/historical-data/', 23189941688);
INSERT INTO currencies.currency (id, name, symbol, `rank`, main_link, historical_link, circulating_supply) VALUES (74, 'Klaytn', 'KLAY', 74, 'https://coinmarketcap.com/currencies/klaytn/', 'https://coinmarketcap.com/currencies/klaytn/historical-data/', 3192476041);
INSERT INTO currencies.currency (id, name, symbol, `rank`, main_link, historical_link, circulating_supply) VALUES (75, 'KuCoin Token', 'KCS', 75, 'https://coinmarketcap.com/currencies/kucoin-token/', 'https://coinmarketcap.com/currencies/kucoin-token/historical-data/', 96732986);
INSERT INTO currencies.currency (id, name, symbol, `rank`, main_link, historical_link, circulating_supply) VALUES (76, 'Frax Share', 'FXS', 76, 'https://coinmarketcap.com/currencies/frax-share/', 'https://coinmarketcap.com/currencies/frax-share/historical-data/', 73320949);
INSERT INTO currencies.currency (id, name, symbol, `rank`, main_link, historical_link, circulating_supply) VALUES (77, 'IOTA', 'MIOTA', 77, 'https://coinmarketcap.com/currencies/iota/', 'https://coinmarketcap.com/currencies/iota/historical-data/', 2779530283);
INSERT INTO currencies.currency (id, name, symbol, `rank`, main_link, historical_link, circulating_supply) VALUES (78, 'Zcash', 'ZEC', 78, 'https://coinmarketcap.com/currencies/zcash/', 'https://coinmarketcap.com/currencies/zcash/historical-data/', 16328269);
INSERT INTO currencies.currency (id, name, symbol, `rank`, main_link, historical_link, circulating_supply) VALUES (79, 'Casper', 'CSPR', 79, 'https://coinmarketcap.com/currencies/casper/', 'https://coinmarketcap.com/currencies/casper/historical-data/', 11272187750);
INSERT INTO currencies.currency (id, name, symbol, `rank`, main_link, historical_link, circulating_supply) VALUES (80, 'Sui', 'SUI', 80, 'https://coinmarketcap.com/currencies/sui/', 'https://coinmarketcap.com/currencies/sui/historical-data/', 723162190);
INSERT INTO currencies.currency (id, name, symbol, `rank`, main_link, historical_link, circulating_supply) VALUES (81, 'Huobi Token', 'HT', 81, 'https://coinmarketcap.com/currencies/huobi-token/', 'https://coinmarketcap.com/currencies/huobi-token/historical-data/', 162233844);
INSERT INTO currencies.currency (id, name, symbol, `rank`, main_link, historical_link, circulating_supply) VALUES (82, 'BitTorrent(New)', 'BTT', 82, 'https://coinmarketcap.com/currencies/bittorrent-new/', 'https://coinmarketcap.com/currencies/bittorrent-new/historical-data/', 951421714286000);
INSERT INTO currencies.currency (id, name, symbol, `rank`, main_link, historical_link, circulating_supply) VALUES (83, 'Curve DAO Token', 'CRV', 83, 'https://coinmarketcap.com/currencies/curve-dao-token/', 'https://coinmarketcap.com/currencies/curve-dao-token/historical-data/', 854977268);
INSERT INTO currencies.currency (id, name, symbol, `rank`, main_link, historical_link, circulating_supply) VALUES (84, 'Conflux', 'CFX', 84, 'https://coinmarketcap.com/currencies/conflux-network/', 'https://coinmarketcap.com/currencies/conflux-network/historical-data/', 3169770493);
INSERT INTO currencies.currency (id, name, symbol, `rank`, main_link, historical_link, circulating_supply) VALUES (85, 'Mina', 'MINA', 85, 'https://coinmarketcap.com/currencies/mina/', 'https://coinmarketcap.com/currencies/mina/historical-data/', 956977200);
INSERT INTO currencies.currency (id, name, symbol, `rank`, main_link, historical_link, circulating_supply) VALUES (86, 'GateToken', 'GT', 86, 'https://coinmarketcap.com/currencies/gatetoken/', 'https://coinmarketcap.com/currencies/gatetoken/historical-data/', 96041900);
INSERT INTO currencies.currency (id, name, symbol, `rank`, main_link, historical_link, circulating_supply) VALUES (87, 'Terra Classic', 'LUNC', 87, 'https://coinmarketcap.com/currencies/terra-luna/', 'https://coinmarketcap.com/currencies/terra-luna/historical-data/', 5815651920177);
INSERT INTO currencies.currency (id, name, symbol, `rank`, main_link, historical_link, circulating_supply) VALUES (88, 'Trust Wallet Token', 'TWT', 88, 'https://coinmarketcap.com/currencies/trust-wallet-token/', 'https://coinmarketcap.com/currencies/trust-wallet-token/historical-data/', 416649900);
INSERT INTO currencies.currency (id, name, symbol, `rank`, main_link, historical_link, circulating_supply) VALUES (89, 'Pepe', 'PEPE', 89, 'https://coinmarketcap.com/currencies/pepe/', 'https://coinmarketcap.com/currencies/pepe/historical-data/', 391790000000000);
INSERT INTO currencies.currency (id, name, symbol, `rank`, main_link, historical_link, circulating_supply) VALUES (90, 'dYdX', 'DYDX', 90, 'https://coinmarketcap.com/currencies/dydx/', 'https://coinmarketcap.com/currencies/dydx/historical-data/', 156256174);
INSERT INTO currencies.currency (id, name, symbol, `rank`, main_link, historical_link, circulating_supply) VALUES (91, 'Compound', 'COMP', 91, 'https://coinmarketcap.com/currencies/compound/', 'https://coinmarketcap.com/currencies/compound/historical-data/', 7811579);
INSERT INTO currencies.currency (id, name, symbol, `rank`, main_link, historical_link, circulating_supply) VALUES (92, 'Nexo', 'NEXO', 92, 'https://coinmarketcap.com/currencies/nexo/', 'https://coinmarketcap.com/currencies/nexo/historical-data/', 560000011);
INSERT INTO currencies.currency (id, name, symbol, `rank`, main_link, historical_link, circulating_supply) VALUES (93, 'GMX', 'GMX', 93, 'https://coinmarketcap.com/currencies/gmx/', 'https://coinmarketcap.com/currencies/gmx/historical-data/', 8968871);
INSERT INTO currencies.currency (id, name, symbol, `rank`, main_link, historical_link, circulating_supply) VALUES (94, 'Bone ShibaSwap', 'BONE', 94, 'https://coinmarketcap.com/currencies/bone-shibaswap/', 'https://coinmarketcap.com/currencies/bone-shibaswap/historical-data/', 229923351);
INSERT INTO currencies.currency (id, name, symbol, `rank`, main_link, historical_link, circulating_supply) VALUES (95, 'APENFT', 'NFT', 95, 'https://coinmarketcap.com/currencies/apenft/', 'https://coinmarketcap.com/currencies/apenft/historical-data/', 990105683025577);
INSERT INTO currencies.currency (id, name, symbol, `rank`, main_link, historical_link, circulating_supply) VALUES (96, 'WOO Network', 'WOO', 96, 'https://coinmarketcap.com/currencies/wootrade/', 'https://coinmarketcap.com/currencies/wootrade/historical-data/', 1735838573);
INSERT INTO currencies.currency (id, name, symbol, `rank`, main_link, historical_link, circulating_supply) VALUES (97, 'Gemini Dollar', 'GUSD', 97, 'https://coinmarketcap.com/currencies/gemini-dollar/', 'https://coinmarketcap.com/currencies/gemini-dollar/historical-data/', 311274154);
INSERT INTO currencies.currency (id, name, symbol, `rank`, main_link, historical_link, circulating_supply) VALUES (98, 'Flare', 'FLR', 98, 'https://coinmarketcap.com/currencies/flare/', 'https://coinmarketcap.com/currencies/flare/historical-data/', 22817003626);
INSERT INTO currencies.currency (id, name, symbol, `rank`, main_link, historical_link, circulating_supply) VALUES (99, 'Astar', 'ASTR', 99, 'https://coinmarketcap.com/currencies/astar/', 'https://coinmarketcap.com/currencies/astar/historical-data/', 4724937882);
INSERT INTO currencies.currency (id, name, symbol, `rank`, main_link, historical_link, circulating_supply) VALUES (100, 'Dash', 'DASH', 100, 'https://coinmarketcap.com/currencies/dash/', 'https://coinmarketcap.com/currencies/dash/historical-data/', 11422898);
INSERT INTO currencies.currency (id, name, symbol, `rank`, main_link, historical_link, circulating_supply) VALUES (101, 'Akash Network', 'AKT', 101, 'https://coinmarketcap.com/currencies/akash-network/', 'https://coinmarketcap.com/currencies/akash-network/historical-data/', 217416538);
INSERT INTO currencies.currency (id, name, symbol, `rank`, main_link, historical_link, circulating_supply) VALUES (102, 'PancakeSwap', 'CAKE', 102, 'https://coinmarketcap.com/currencies/pancakeswap/', 'https://coinmarketcap.com/currencies/pancakeswap/historical-data/', 221512943);
INSERT INTO currencies.currency (id, name, symbol, `rank`, main_link, historical_link, circulating_supply) VALUES (103, 'MX TOKEN', 'MX', 103, 'https://coinmarketcap.com/currencies/mx-token/', 'https://coinmarketcap.com/currencies/mx-token/historical-data/', 100709834);
INSERT INTO currencies.currency (id, name, symbol, `rank`, main_link, historical_link, circulating_supply) VALUES (104, 'Arweave', 'AR', 104, 'https://coinmarketcap.com/currencies/arweave/', 'https://coinmarketcap.com/currencies/arweave/historical-data/', 65454185);
INSERT INTO currencies.currency (id, name, symbol, `rank`, main_link, historical_link, circulating_supply) VALUES (105, 'Zilliqa', 'ZIL', 105, 'https://coinmarketcap.com/currencies/zilliqa/', 'https://coinmarketcap.com/currencies/zilliqa/historical-data/', 15867699447);
INSERT INTO currencies.currency (id, name, symbol, `rank`, main_link, historical_link, circulating_supply) VALUES (106, 'Oasis Network', 'ROSE', 106, 'https://coinmarketcap.com/currencies/oasis-network/', 'https://coinmarketcap.com/currencies/oasis-network/historical-data/', 6542267493);
INSERT INTO currencies.currency (id, name, symbol, `rank`, main_link, historical_link, circulating_supply) VALUES (107, 'Gnosis', 'GNO', 107, 'https://coinmarketcap.com/currencies/gnosis-gno/', 'https://coinmarketcap.com/currencies/gnosis-gno/historical-data/', 2589588);
INSERT INTO currencies.currency (id, name, symbol, `rank`, main_link, historical_link, circulating_supply) VALUES (108, 'Basic Attention Token', 'BAT', 108, 'https://coinmarketcap.com/currencies/basic-attention-token/', 'https://coinmarketcap.com/currencies/basic-attention-token/historical-data/', 1489950992);
INSERT INTO currencies.currency (id, name, symbol, `rank`, main_link, historical_link, circulating_supply) VALUES (109, 'SafePal', 'SFP', 109, 'https://coinmarketcap.com/currencies/safepal/', 'https://coinmarketcap.com/currencies/safepal/historical-data/', 500000000);
INSERT INTO currencies.currency (id, name, symbol, `rank`, main_link, historical_link, circulating_supply) VALUES (110, '1inch Network', '1INCH', 110, 'https://coinmarketcap.com/currencies/1inch/', 'https://coinmarketcap.com/currencies/1inch/historical-data/', 10304931011);
INSERT INTO currencies.currency (id, name, symbol, `rank`, main_link, historical_link, circulating_supply) VALUES (111, 'Sei', 'SEI', 111, 'https://coinmarketcap.com/currencies/sei/', 'https://coinmarketcap.com/currencies/sei/historical-data/', 1800000000);
INSERT INTO currencies.currency (id, name, symbol, `rank`, main_link, historical_link, circulating_supply) VALUES (112, 'Chia', 'XCH', 112, 'https://coinmarketcap.com/currencies/chia-network/', 'https://coinmarketcap.com/currencies/chia-network/historical-data/', 8278012);
INSERT INTO currencies.currency (id, name, symbol, `rank`, main_link, historical_link, circulating_supply) VALUES (113, 'Loopring', 'LRC', 113, 'https://coinmarketcap.com/currencies/loopring/', 'https://coinmarketcap.com/currencies/loopring/historical-data/', 1331547705);
INSERT INTO currencies.currency (id, name, symbol, `rank`, main_link, historical_link, circulating_supply) VALUES (114, 'Enjin Coin', 'ENJ', 114, 'https://coinmarketcap.com/currencies/enjin-coin/', 'https://coinmarketcap.com/currencies/enjin-coin/historical-data/', 1000000000);
INSERT INTO currencies.currency (id, name, symbol, `rank`, main_link, historical_link, circulating_supply) VALUES (115, 'Helium', 'HNT', 115, 'https://coinmarketcap.com/currencies/helium/', 'https://coinmarketcap.com/currencies/helium/historical-data/', 143934821);
INSERT INTO currencies.currency (id, name, symbol, `rank`, main_link, historical_link, circulating_supply) VALUES (116, 'Qtum', 'QTUM', 116, 'https://coinmarketcap.com/currencies/qtum/', 'https://coinmarketcap.com/currencies/qtum/historical-data/', 104755842);
INSERT INTO currencies.currency (id, name, symbol, `rank`, main_link, historical_link, circulating_supply) VALUES (117, 'Ethereum Name Service', 'ENS', 117, 'https://coinmarketcap.com/currencies/ethereum-name-service/', 'https://coinmarketcap.com/currencies/ethereum-name-service/historical-data/', 29618123);
INSERT INTO currencies.currency (id, name, symbol, `rank`, main_link, historical_link, circulating_supply) VALUES (118, 'NEM', 'XEM', 118, 'https://coinmarketcap.com/currencies/nem/', 'https://coinmarketcap.com/currencies/nem/historical-data/', 8999999999);
INSERT INTO currencies.currency (id, name, symbol, `rank`, main_link, historical_link, circulating_supply) VALUES (119, 'Bitcoin Gold', 'BTG', 119, 'https://coinmarketcap.com/currencies/bitcoin-gold/', 'https://coinmarketcap.com/currencies/bitcoin-gold/historical-data/', 17513924);
INSERT INTO currencies.currency (id, name, symbol, `rank`, main_link, historical_link, circulating_supply) VALUES (120, 'SingularityNET', 'AGIX', 120, 'https://coinmarketcap.com/currencies/singularitynet/', 'https://coinmarketcap.com/currencies/singularitynet/historical-data/', 1232484306);
INSERT INTO currencies.currency (id, name, symbol, `rank`, main_link, historical_link, circulating_supply) VALUES (121, 'Convex Finance', 'CVX', 121, 'https://coinmarketcap.com/currencies/convex-finance/', 'https://coinmarketcap.com/currencies/convex-finance/historical-data/', 79924699);
INSERT INTO currencies.currency (id, name, symbol, `rank`, main_link, historical_link, circulating_supply) VALUES (122, 'Mask Network', 'MASK', 122, 'https://coinmarketcap.com/currencies/mask-network/', 'https://coinmarketcap.com/currencies/mask-network/historical-data/', 82112500);
INSERT INTO currencies.currency (id, name, symbol, `rank`, main_link, historical_link, circulating_supply) VALUES (123, 'Celo', 'CELO', 123, 'https://coinmarketcap.com/currencies/celo/', 'https://coinmarketcap.com/currencies/celo/historical-data/', 508448178);
INSERT INTO currencies.currency (id, name, symbol, `rank`, main_link, historical_link, circulating_supply) VALUES (124, 'Theta Fuel', 'TFUEL', 124, 'https://coinmarketcap.com/currencies/theta-fuel/', 'https://coinmarketcap.com/currencies/theta-fuel/historical-data/', 6257139017);
INSERT INTO currencies.currency (id, name, symbol, `rank`, main_link, historical_link, circulating_supply) VALUES (125, 'Decred', 'DCR', 125, 'https://coinmarketcap.com/currencies/decred/', 'https://coinmarketcap.com/currencies/decred/historical-data/', 15438317);
INSERT INTO currencies.currency (id, name, symbol, `rank`, main_link, historical_link, circulating_supply) VALUES (126, 'Ankr', 'ANKR', 126, 'https://coinmarketcap.com/currencies/ankr/', 'https://coinmarketcap.com/currencies/ankr/historical-data/', 10000000000);
INSERT INTO currencies.currency (id, name, symbol, `rank`, main_link, historical_link, circulating_supply) VALUES (127, 'Ravencoin', 'RVN', 127, 'https://coinmarketcap.com/currencies/ravencoin/', 'https://coinmarketcap.com/currencies/ravencoin/historical-data/', 12899485605);
INSERT INTO currencies.currency (id, name, symbol, `rank`, main_link, historical_link, circulating_supply) VALUES (128, 'Osmosis', 'OSMO', 128, 'https://coinmarketcap.com/currencies/osmosis/', 'https://coinmarketcap.com/currencies/osmosis/historical-data/', 492590761);
INSERT INTO currencies.currency (id, name, symbol, `rank`, main_link, historical_link, circulating_supply) VALUES (129, 'Ocean Protocol', 'OCEAN', 129, 'https://coinmarketcap.com/currencies/ocean-protocol/', 'https://coinmarketcap.com/currencies/ocean-protocol/historical-data/', 613099141);
INSERT INTO currencies.currency (id, name, symbol, `rank`, main_link, historical_link, circulating_supply) VALUES (130, 'yearn.finance', 'YFI', 130, 'https://coinmarketcap.com/currencies/yearn-finance/', 'https://coinmarketcap.com/currencies/yearn-finance/historical-data/', 33042);
INSERT INTO currencies.currency (id, name, symbol, `rank`, main_link, historical_link, circulating_supply) VALUES (131, 'Livepeer', 'LPT', 131, 'https://coinmarketcap.com/currencies/livepeer/', 'https://coinmarketcap.com/currencies/livepeer/historical-data/', 28813799);
INSERT INTO currencies.currency (id, name, symbol, `rank`, main_link, historical_link, circulating_supply) VALUES (132, 'Holo', 'HOT', 132, 'https://coinmarketcap.com/currencies/holo/', 'https://coinmarketcap.com/currencies/holo/historical-data/', 171989009269);
INSERT INTO currencies.currency (id, name, symbol, `rank`, main_link, historical_link, circulating_supply) VALUES (133, 'JUST', 'JST', 133, 'https://coinmarketcap.com/currencies/just/', 'https://coinmarketcap.com/currencies/just/historical-data/', 8902080000);
INSERT INTO currencies.currency (id, name, symbol, `rank`, main_link, historical_link, circulating_supply) VALUES (134, 'STEPN', 'GMT', 134, 'https://coinmarketcap.com/currencies/green-metaverse-token/', 'https://coinmarketcap.com/currencies/green-metaverse-token/historical-data/', 1098267251);
INSERT INTO currencies.currency (id, name, symbol, `rank`, main_link, historical_link, circulating_supply) VALUES (135, 'Balancer', 'BAL', 135, 'https://coinmarketcap.com/currencies/balancer/', 'https://coinmarketcap.com/currencies/balancer/historical-data/', 51773342);
INSERT INTO currencies.currency (id, name, symbol, `rank`, main_link, historical_link, circulating_supply) VALUES (136, 'aelf', 'ELF', 136, 'https://coinmarketcap.com/currencies/aelf/', 'https://coinmarketcap.com/currencies/aelf/historical-data/', 623346585);
INSERT INTO currencies.currency (id, name, symbol, `rank`, main_link, historical_link, circulating_supply) VALUES (137, 'Fetch.ai', 'FET', 137, 'https://coinmarketcap.com/currencies/fetch/', 'https://coinmarketcap.com/currencies/fetch/historical-data/', 819234391);
INSERT INTO currencies.currency (id, name, symbol, `rank`, main_link, historical_link, circulating_supply) VALUES (138, 'Blur', 'BLUR', 138, 'https://coinmarketcap.com/currencies/blur-token/', 'https://coinmarketcap.com/currencies/blur-token/historical-data/', 871655440);
INSERT INTO currencies.currency (id, name, symbol, `rank`, main_link, historical_link, circulating_supply) VALUES (139, 'Waves', 'WAVES', 139, 'https://coinmarketcap.com/currencies/waves/', 'https://coinmarketcap.com/currencies/waves/historical-data/', 112314532);
INSERT INTO currencies.currency (id, name, symbol, `rank`, main_link, historical_link, circulating_supply) VALUES (140, 'Golem', 'GLM', 140, 'https://coinmarketcap.com/currencies/golem-network-tokens/', 'https://coinmarketcap.com/currencies/golem-network-tokens/historical-data/', 1000000000);
INSERT INTO currencies.currency (id, name, symbol, `rank`, main_link, historical_link, circulating_supply) VALUES (141, 'Aragon', 'ANT', 141, 'https://coinmarketcap.com/currencies/aragon/', 'https://coinmarketcap.com/currencies/aragon/historical-data/', 40029852);
INSERT INTO currencies.currency (id, name, symbol, `rank`, main_link, historical_link, circulating_supply) VALUES (142, 'Audius', 'AUDIO', 142, 'https://coinmarketcap.com/currencies/audius/', 'https://coinmarketcap.com/currencies/audius/historical-data/', 1106620023);
INSERT INTO currencies.currency (id, name, symbol, `rank`, main_link, historical_link, circulating_supply) VALUES (143, 'JasmyCoin', 'JASMY', 143, 'https://coinmarketcap.com/currencies/jasmy/', 'https://coinmarketcap.com/currencies/jasmy/historical-data/', 48899999999);
INSERT INTO currencies.currency (id, name, symbol, `rank`, main_link, historical_link, circulating_supply) VALUES (144, 'FLOKI', 'FLOKI', 144, 'https://coinmarketcap.com/currencies/floki-inu/', 'https://coinmarketcap.com/currencies/floki-inu/historical-data/', 9435132149429);
INSERT INTO currencies.currency (id, name, symbol, `rank`, main_link, historical_link, circulating_supply) VALUES (145, 'Threshold', 'T', 145, 'https://coinmarketcap.com/currencies/threshold/', 'https://coinmarketcap.com/currencies/threshold/historical-data/', 8956248017);
INSERT INTO currencies.currency (id, name, symbol, `rank`, main_link, historical_link, circulating_supply) VALUES (146, 'ICON', 'ICX', 146, 'https://coinmarketcap.com/currencies/icon/', 'https://coinmarketcap.com/currencies/icon/historical-data/', 965535827);
INSERT INTO currencies.currency (id, name, symbol, `rank`, main_link, historical_link, circulating_supply) VALUES (147, 'Kusama', 'KSM', 147, 'https://coinmarketcap.com/currencies/kusama/', 'https://coinmarketcap.com/currencies/kusama/historical-data/', 8470098);
INSERT INTO currencies.currency (id, name, symbol, `rank`, main_link, historical_link, circulating_supply) VALUES (148, 'Siacoin', 'SC', 148, 'https://coinmarketcap.com/currencies/siacoin/', 'https://coinmarketcap.com/currencies/siacoin/historical-data/', 54915892901);
INSERT INTO currencies.currency (id, name, symbol, `rank`, main_link, historical_link, circulating_supply) VALUES (149, 'Worldcoin', 'WLD', 149, 'https://coinmarketcap.com/currencies/worldcoin-org/', 'https://coinmarketcap.com/currencies/worldcoin-org/historical-data/', 126831241);
INSERT INTO currencies.currency (id, name, symbol, `rank`, main_link, historical_link, circulating_supply) VALUES (150, 'Solar', 'SXP', 150, 'https://coinmarketcap.com/currencies/sxp/', 'https://coinmarketcap.com/currencies/sxp/historical-data/', 575508682);
INSERT INTO currencies.currency (id, name, symbol, `rank`, main_link, historical_link, circulating_supply) VALUES (151, 'Terra', 'LUNA', 151, 'https://coinmarketcap.com/currencies/terra-luna-v2/', 'https://coinmarketcap.com/currencies/terra-luna-v2/historical-data/', 357565717);
INSERT INTO currencies.currency (id, name, symbol, `rank`, main_link, historical_link, circulating_supply) VALUES (152, 'Illuvium', 'ILV', 152, 'https://coinmarketcap.com/currencies/illuvium/', 'https://coinmarketcap.com/currencies/illuvium/historical-data/', 3525321);
INSERT INTO currencies.currency (id, name, symbol, `rank`, main_link, historical_link, circulating_supply) VALUES (153, 'Hive', 'HIVE', 153, 'https://coinmarketcap.com/currencies/hive-blockchain/', 'https://coinmarketcap.com/currencies/hive-blockchain/historical-data/', 500749243);
INSERT INTO currencies.currency (id, name, symbol, `rank`, main_link, historical_link, circulating_supply) VALUES (154, '0x Protocol', 'ZRX', 154, 'https://coinmarketcap.com/currencies/0x/', 'https://coinmarketcap.com/currencies/0x/historical-data/', 847496055);
INSERT INTO currencies.currency (id, name, symbol, `rank`, main_link, historical_link, circulating_supply) VALUES (155, 'EthereumPoW', 'ETHW', 155, 'https://coinmarketcap.com/currencies/ethereum-pow/', 'https://coinmarketcap.com/currencies/ethereum-pow/historical-data/', 107818999);
INSERT INTO currencies.currency (id, name, symbol, `rank`, main_link, historical_link, circulating_supply) VALUES (156, 'Ontology', 'ONT', 156, 'https://coinmarketcap.com/currencies/ontology/', 'https://coinmarketcap.com/currencies/ontology/historical-data/', 875249524);
INSERT INTO currencies.currency (id, name, symbol, `rank`, main_link, historical_link, circulating_supply) VALUES (157, 'ssv.network', 'SSV', 157, 'https://coinmarketcap.com/currencies/ssv-network/', 'https://coinmarketcap.com/currencies/ssv-network/historical-data/', 10000000);
INSERT INTO currencies.currency (id, name, symbol, `rank`, main_link, historical_link, circulating_supply) VALUES (158, 'Moonbeam', 'GLMR', 158, 'https://coinmarketcap.com/currencies/moonbeam/', 'https://coinmarketcap.com/currencies/moonbeam/historical-data/', 715412253);
INSERT INTO currencies.currency (id, name, symbol, `rank`, main_link, historical_link, circulating_supply) VALUES (159, 'IOST', 'IOST', 159, 'https://coinmarketcap.com/currencies/iostoken/', 'https://coinmarketcap.com/currencies/iostoken/historical-data/', 18708894189);
INSERT INTO currencies.currency (id, name, symbol, `rank`, main_link, historical_link, circulating_supply) VALUES (160, 'Band Protocol', 'BAND', 160, 'https://coinmarketcap.com/currencies/band-protocol/', 'https://coinmarketcap.com/currencies/band-protocol/historical-data/', 133318127);
INSERT INTO currencies.currency (id, name, symbol, `rank`, main_link, historical_link, circulating_supply) VALUES (161, 'Biconomy', 'BICO', 161, 'https://coinmarketcap.com/currencies/biconomy/', 'https://coinmarketcap.com/currencies/biconomy/historical-data/', 647110632);
INSERT INTO currencies.currency (id, name, symbol, `rank`, main_link, historical_link, circulating_supply) VALUES (162, 'Harmony', 'ONE', 162, 'https://coinmarketcap.com/currencies/harmony/', 'https://coinmarketcap.com/currencies/harmony/historical-data/', 13471510624);
INSERT INTO currencies.currency (id, name, symbol, `rank`, main_link, historical_link, circulating_supply) VALUES (163, 'WAX', 'WAXP', 163, 'https://coinmarketcap.com/currencies/wax/', 'https://coinmarketcap.com/currencies/wax/historical-data/', 3343754024);
INSERT INTO currencies.currency (id, name, symbol, `rank`, main_link, historical_link, circulating_supply) VALUES (164, 'SushiSwap', 'SUSHI', 164, 'https://coinmarketcap.com/currencies/sushiswap/', 'https://coinmarketcap.com/currencies/sushiswap/historical-data/', 231003522);
INSERT INTO currencies.currency (id, name, symbol, `rank`, main_link, historical_link, circulating_supply) VALUES (165, 'Axelar', 'AXL', 165, 'https://coinmarketcap.com/currencies/axelar/', 'https://coinmarketcap.com/currencies/axelar/historical-data/', 374004719);
INSERT INTO currencies.currency (id, name, symbol, `rank`, main_link, historical_link, circulating_supply) VALUES (166, 'IoTeX', 'IOTX', 166, 'https://coinmarketcap.com/currencies/iotex/', 'https://coinmarketcap.com/currencies/iotex/historical-data/', 9444989892);
INSERT INTO currencies.currency (id, name, symbol, `rank`, main_link, historical_link, circulating_supply) VALUES (167, 'MAGIC', 'MAGIC', 167, 'https://coinmarketcap.com/currencies/magic-token/', 'https://coinmarketcap.com/currencies/magic-token/historical-data/', 222744820);
INSERT INTO currencies.currency (id, name, symbol, `rank`, main_link, historical_link, circulating_supply) VALUES (168, 'Merit Circle', 'MC', 168, 'https://coinmarketcap.com/currencies/merit-circle/', 'https://coinmarketcap.com/currencies/merit-circle/historical-data/', 425228837);
INSERT INTO currencies.currency (id, name, symbol, `rank`, main_link, historical_link, circulating_supply) VALUES (169, 'TerraClassicUSD', 'USTC', 169, 'https://coinmarketcap.com/currencies/terrausd/', 'https://coinmarketcap.com/currencies/terrausd/historical-data/', 9789430796);
INSERT INTO currencies.currency (id, name, symbol, `rank`, main_link, historical_link, circulating_supply) VALUES (170, 'Kadena', 'KDA', 170, 'https://coinmarketcap.com/currencies/kadena/', 'https://coinmarketcap.com/currencies/kadena/historical-data/', 243250679);
INSERT INTO currencies.currency (id, name, symbol, `rank`, main_link, historical_link, circulating_supply) VALUES (171, 'UniBot', 'UNIBOT', 171, 'https://coinmarketcap.com/currencies/unibot-eth/', 'https://coinmarketcap.com/currencies/unibot-eth/historical-data/', 1000000);
INSERT INTO currencies.currency (id, name, symbol, `rank`, main_link, historical_link, circulating_supply) VALUES (172, 'BORA', 'BORA', 172, 'https://coinmarketcap.com/currencies/bora/', 'https://coinmarketcap.com/currencies/bora/historical-data/', 993750000);
INSERT INTO currencies.currency (id, name, symbol, `rank`, main_link, historical_link, circulating_supply) VALUES (173, 'Nervos Network', 'CKB', 173, 'https://coinmarketcap.com/currencies/nervos-network/', 'https://coinmarketcap.com/currencies/nervos-network/historical-data/', 41962922918);
INSERT INTO currencies.currency (id, name, symbol, `rank`, main_link, historical_link, circulating_supply) VALUES (174, 'DigiByte', 'DGB', 174, 'https://coinmarketcap.com/currencies/digibyte/', 'https://coinmarketcap.com/currencies/digibyte/historical-data/', 16457123721);
INSERT INTO currencies.currency (id, name, symbol, `rank`, main_link, historical_link, circulating_supply) VALUES (175, 'Stargate Finance', 'STG', 175, 'https://coinmarketcap.com/currencies/stargate-finance/', 'https://coinmarketcap.com/currencies/stargate-finance/historical-data/', 204338417);
INSERT INTO currencies.currency (id, name, symbol, `rank`, main_link, historical_link, circulating_supply) VALUES (176, 'DAO Maker', 'DAO', 176, 'https://coinmarketcap.com/currencies/dao-maker/', 'https://coinmarketcap.com/currencies/dao-maker/historical-data/', 143942531);
INSERT INTO currencies.currency (id, name, symbol, `rank`, main_link, historical_link, circulating_supply) VALUES (177, 'MobileCoin', 'MOB', 177, 'https://coinmarketcap.com/currencies/mobilecoin/', 'https://coinmarketcap.com/currencies/mobilecoin/historical-data/', 195286109);
INSERT INTO currencies.currency (id, name, symbol, `rank`, main_link, historical_link, circulating_supply) VALUES (178, 'Ribbon Finance', 'RBN', 178, 'https://coinmarketcap.com/currencies/ribbon-finance/', 'https://coinmarketcap.com/currencies/ribbon-finance/historical-data/', 537049175);
INSERT INTO currencies.currency (id, name, symbol, `rank`, main_link, historical_link, circulating_supply) VALUES (179, 'Core', 'CORE', 179, 'https://coinmarketcap.com/currencies/core-dao/', 'https://coinmarketcap.com/currencies/core-dao/historical-data/', 155286272);
INSERT INTO currencies.currency (id, name, symbol, `rank`, main_link, historical_link, circulating_supply) VALUES (180, 'SKALE', 'SKL', 180, 'https://coinmarketcap.com/currencies/skale-network/', 'https://coinmarketcap.com/currencies/skale-network/historical-data/', 4673852671);
INSERT INTO currencies.currency (id, name, symbol, `rank`, main_link, historical_link, circulating_supply) VALUES (181, 'Flux', 'FLUX', 181, 'https://coinmarketcap.com/currencies/zel/', 'https://coinmarketcap.com/currencies/zel/historical-data/', 316888369);
INSERT INTO currencies.currency (id, name, symbol, `rank`, main_link, historical_link, circulating_supply) VALUES (182, 'UMA', 'UMA', 182, 'https://coinmarketcap.com/currencies/uma/', 'https://coinmarketcap.com/currencies/uma/historical-data/', 73560634);
INSERT INTO currencies.currency (id, name, symbol, `rank`, main_link, historical_link, circulating_supply) VALUES (183, 'Horizen', 'ZEN', 183, 'https://coinmarketcap.com/currencies/horizen/', 'https://coinmarketcap.com/currencies/horizen/historical-data/', 14051619);
INSERT INTO currencies.currency (id, name, symbol, `rank`, main_link, historical_link, circulating_supply) VALUES (184, 'Galxe', 'GAL', 184, 'https://coinmarketcap.com/currencies/galxe/', 'https://coinmarketcap.com/currencies/galxe/historical-data/', 84890333);
INSERT INTO currencies.currency (id, name, symbol, `rank`, main_link, historical_link, circulating_supply) VALUES (185, 'Reserve Rights', 'RSR', 185, 'https://coinmarketcap.com/currencies/reserve-rights/', 'https://coinmarketcap.com/currencies/reserve-rights/historical-data/', 50600000000);
INSERT INTO currencies.currency (id, name, symbol, `rank`, main_link, historical_link, circulating_supply) VALUES (186, 'TomoChain', 'TOMO', 186, 'https://coinmarketcap.com/currencies/tomochain/', 'https://coinmarketcap.com/currencies/tomochain/historical-data/', 96830754);
INSERT INTO currencies.currency (id, name, symbol, `rank`, main_link, historical_link, circulating_supply) VALUES (187, 'Everscale', 'EVER', 187, 'https://coinmarketcap.com/currencies/everscale/', 'https://coinmarketcap.com/currencies/everscale/historical-data/', 1802521252);
INSERT INTO currencies.currency (id, name, symbol, `rank`, main_link, historical_link, circulating_supply) VALUES (188, 'STP', 'STPT', 188, 'https://coinmarketcap.com/currencies/standard-tokenization-protocol/', 'https://coinmarketcap.com/currencies/standard-tokenization-protocol/historical-data/', 1942420283);
INSERT INTO currencies.currency (id, name, symbol, `rank`, main_link, historical_link, circulating_supply) VALUES (189, 'Lisk', 'LSK', 189, 'https://coinmarketcap.com/currencies/lisk/', 'https://coinmarketcap.com/currencies/lisk/historical-data/', 128900445);
INSERT INTO currencies.currency (id, name, symbol, `rank`, main_link, historical_link, circulating_supply) VALUES (190, 'Nano', 'XNO', 190, 'https://coinmarketcap.com/currencies/nano/', 'https://coinmarketcap.com/currencies/nano/historical-data/', 133248297);
INSERT INTO currencies.currency (id, name, symbol, `rank`, main_link, historical_link, circulating_supply) VALUES (191, 'Storj', 'STORJ', 191, 'https://coinmarketcap.com/currencies/storj/', 'https://coinmarketcap.com/currencies/storj/historical-data/', 386005311);
INSERT INTO currencies.currency (id, name, symbol, `rank`, main_link, historical_link, circulating_supply) VALUES (192, 'Alchemy Pay', 'ACH', 192, 'https://coinmarketcap.com/currencies/alchemy-pay/', 'https://coinmarketcap.com/currencies/alchemy-pay/historical-data/', 6651042038);
INSERT INTO currencies.currency (id, name, symbol, `rank`, main_link, historical_link, circulating_supply) VALUES (193, 'Kyber Network Crystal v2', 'KNC', 193, 'https://coinmarketcap.com/currencies/kyber-network-crystal-v2/', 'https://coinmarketcap.com/currencies/kyber-network-crystal-v2/historical-data/', 170466085);
INSERT INTO currencies.currency (id, name, symbol, `rank`, main_link, historical_link, circulating_supply) VALUES (194, 'Cartesi', 'CTSI', 194, 'https://coinmarketcap.com/currencies/cartesi/', 'https://coinmarketcap.com/currencies/cartesi/historical-data/', 742552410);
INSERT INTO currencies.currency (id, name, symbol, `rank`, main_link, historical_link, circulating_supply) VALUES (195, 'Celer Network', 'CELR', 195, 'https://coinmarketcap.com/currencies/celer-network/', 'https://coinmarketcap.com/currencies/celer-network/historical-data/', 7743424107);
INSERT INTO currencies.currency (id, name, symbol, `rank`, main_link, historical_link, circulating_supply) VALUES (196, 'PlayDapp', 'PLA', 196, 'https://coinmarketcap.com/currencies/playdapp/', 'https://coinmarketcap.com/currencies/playdapp/historical-data/', 560128667);
INSERT INTO currencies.currency (id, name, symbol, `rank`, main_link, historical_link, circulating_supply) VALUES (197, 'Pundi X (New)', 'PUNDIX', 197, 'https://coinmarketcap.com/currencies/pundix-new/', 'https://coinmarketcap.com/currencies/pundix-new/historical-data/', 258491637);
INSERT INTO currencies.currency (id, name, symbol, `rank`, main_link, historical_link, circulating_supply) VALUES (198, 'Vulcan Forged PYR', 'PYR', 198, 'https://coinmarketcap.com/currencies/vulcan-forged-pyr/', 'https://coinmarketcap.com/currencies/vulcan-forged-pyr/historical-data/', 27182227);
INSERT INTO currencies.currency (id, name, symbol, `rank`, main_link, historical_link, circulating_supply) VALUES (199, 'Status', 'SNT', 199, 'https://coinmarketcap.com/currencies/status/', 'https://coinmarketcap.com/currencies/status/historical-data/', 3859423502);
INSERT INTO currencies.currency (id, name, symbol, `rank`, main_link, historical_link, circulating_supply) VALUES (200, 'Amp', 'AMP', 200, 'https://coinmarketcap.com/currencies/amp/', 'https://coinmarketcap.com/currencies/amp/historical-data/', 42227702186);


create table github
(
    id                 int auto_increment
        primary key,
    currency_id        int  null,
    commits_count      int  null,
    contributors_count int  null,
    forks_count        int  null,
    stars_count        int  null,
    github_link        text null,
    constraint id
        unique (id),
    constraint complete_github_data_currency_data_id_fk
        foreign key (currency_id) references currency (id)
);

INSERT INTO currencies.github (id, currency_id, commits_count, contributors_count, forks_count, stars_count, github_link) VALUES (1, 1, 38515, 916, 35610, 71205, 'https://github.com/bitcoin/bitcoin');
INSERT INTO currencies.github (id, currency_id, commits_count, contributors_count, forks_count, stars_count, github_link) VALUES (2, 2, 14469, 935, 18380, 43512, 'https://github.com/ethereum/wiki/wiki/White-Paper');
INSERT INTO currencies.github (id, currency_id, commits_count, contributors_count, forks_count, stars_count, github_link) VALUES (3, 4, 13833, 300, 1287, 2295, 'https://github.com/bnb-chain');
INSERT INTO currencies.github (id, currency_id, commits_count, contributors_count, forks_count, stars_count, github_link) VALUES (4, 5, 12889, 110, 1477, 4350, 'https://github.com/ripple/rippled');
INSERT INTO currencies.github (id, currency_id, commits_count, contributors_count, forks_count, stars_count, github_link) VALUES (5, 6, 836, 17, 266, 435, 'https://github.com/centrehq/centre-tokens');
INSERT INTO currencies.github (id, currency_id, commits_count, contributors_count, forks_count, stars_count, github_link) VALUES (6, 8, 14211, 272, 2802, 14317, 'https://github.com/dogecoin/dogecoin/blob/master/README.md');
INSERT INTO currencies.github (id, currency_id, commits_count, contributors_count, forks_count, stars_count, github_link) VALUES (7, 9, 23522, 458, 3150, 10562, 'https://github.com/solana-labs');
INSERT INTO currencies.github (id, currency_id, commits_count, contributors_count, forks_count, stars_count, github_link) VALUES (8, 10, 18112, 189, 1359, 3441, 'https://github.com/tronprotocol/java-tron');
INSERT INTO currencies.github (id, currency_id, commits_count, contributors_count, forks_count, stars_count, github_link) VALUES (9, 11, 4251, 271, 1629, 7027, 'https://github.com/paritytech/polkadot');
INSERT INTO currencies.github (id, currency_id, commits_count, contributors_count, forks_count, stars_count, github_link) VALUES (10, 13, 14233, 614, 443, 856, 'https://github.com/maticnetwork/whitepaper/');
INSERT INTO currencies.github (id, currency_id, commits_count, contributors_count, forks_count, stars_count, github_link) VALUES (11, 14, 472, 32, 538, 1980, 'https://github.com/ton-blockchain');
INSERT INTO currencies.github (id, currency_id, commits_count, contributors_count, forks_count, stars_count, github_link) VALUES (12, 15, 26765, null, 35610, 4225, 'https://github.com/litecoin-project/litecoin');
INSERT INTO currencies.github (id, currency_id, commits_count, contributors_count, forks_count, stars_count, github_link) VALUES (13, 16, 61, 10, 21, 35, 'https://github.com/certusone/wormhole-token-list/blob/main/content/by_source.csv');
INSERT INTO currencies.github (id, currency_id, commits_count, contributors_count, forks_count, stars_count, github_link) VALUES (14, 17, 98, 10, 89, 116, 'https://github.com/WrappedBTC/bitcoin-token-smart-contracts');
INSERT INTO currencies.github (id, currency_id, commits_count, contributors_count, forks_count, stars_count, github_link) VALUES (15, 20, 9138, 88, 538, 1878, 'https://github.com/ava-labs/avalanchego');
INSERT INTO currencies.github (id, currency_id, commits_count, contributors_count, forks_count, stars_count, github_link) VALUES (16, 21, 8834, 89, 1051, 3068, 'https://github.com/stellar/stellar-core');
INSERT INTO currencies.github (id, currency_id, commits_count, contributors_count, forks_count, stars_count, github_link) VALUES (17, 22, 21848, 178, 1427, 4990, 'https://github.com/smartcontractkit/chainlink');
INSERT INTO currencies.github (id, currency_id, commits_count, contributors_count, forks_count, stars_count, github_link) VALUES (18, 23, 10, 5, 95, 133, 'https://github.com/paxosglobal/busd-contract');
INSERT INTO currencies.github (id, currency_id, commits_count, contributors_count, forks_count, stars_count, github_link) VALUES (19, 24, 1516, 27, 134, 314, 'https://github.com/trusttoken/smart-contracts');
INSERT INTO currencies.github (id, currency_id, commits_count, contributors_count, forks_count, stars_count, github_link) VALUES (20, 26, 11347, 270, 3532, 8079, 'https://github.com/monero-project/research-lab/blob/master/whitepaper/whitepaper.pdf');
INSERT INTO currencies.github (id, currency_id, commits_count, contributors_count, forks_count, stars_count, github_link) VALUES (21, 28, 11671, 452, 2954, 5400, 'https://github.com/cosmos');
INSERT INTO currencies.github (id, currency_id, commits_count, contributors_count, forks_count, stars_count, github_link) VALUES (22, 29, 6425, 81, 209, 155, 'https://github.com/ethereumclassic/ethereumclassic.github.io');
INSERT INTO currencies.github (id, currency_id, commits_count, contributors_count, forks_count, stars_count, github_link) VALUES (23, 30, 8306, 78, 86, 225, 'https://github.com/hashgraph');
INSERT INTO currencies.github (id, currency_id, commits_count, contributors_count, forks_count, stars_count, github_link) VALUES (24, 31, 18671, 148, 259, 1342, 'https://github.com/dfinity/ic');
INSERT INTO currencies.github (id, currency_id, commits_count, contributors_count, forks_count, stars_count, github_link) VALUES (25, 32, 19813, 208, 1287, 2681, 'https://github.com/filecoin-project/');
INSERT INTO currencies.github (id, currency_id, commits_count, contributors_count, forks_count, stars_count, github_link) VALUES (26, 33, 916, 28, 52, 117, 'https://github.com/mantlenetworkio');
INSERT INTO currencies.github (id, currency_id, commits_count, contributors_count, forks_count, stars_count, github_link) VALUES (27, 34, 3980, 33, 170, 298, 'https://github.com/lidofinance');
INSERT INTO currencies.github (id, currency_id, commits_count, contributors_count, forks_count, stars_count, github_link) VALUES (28, 35, 424, 19, 372, 457, 'https://github.com/crypto-org-chain/chain-main');
INSERT INTO currencies.github (id, currency_id, commits_count, contributors_count, forks_count, stars_count, github_link) VALUES (29, 36, 19028, 453, 3808, 5432, 'https://github.com/aptos-labs/aptos-core/blob/main/developer-docs-site/static/papers/whitepaper.pdf');
INSERT INTO currencies.github (id, currency_id, commits_count, contributors_count, forks_count, stars_count, github_link) VALUES (30, 38, 9089, 42, 243, 521, 'https://github.com/OffchainLabs');
INSERT INTO currencies.github (id, currency_id, commits_count, contributors_count, forks_count, stars_count, github_link) VALUES (31, 39, 3340, 20, 248, 772, 'https://github.com/vechain');
INSERT INTO currencies.github (id, currency_id, commits_count, contributors_count, forks_count, stars_count, github_link) VALUES (32, 40, 5787, 127, 512, 2096, 'https://github.com/nearprotocol/nearcore');
INSERT INTO currencies.github (id, currency_id, commits_count, contributors_count, forks_count, stars_count, github_link) VALUES (33, 41, 12883, 175, 2369, 4441, 'https://github.com/ethereum-optimism/');
INSERT INTO currencies.github (id, currency_id, commits_count, contributors_count, forks_count, stars_count, github_link) VALUES (34, 42, 51, 10, 367, 820, 'https://github.com/makerdao');
INSERT INTO currencies.github (id, currency_id, commits_count, contributors_count, forks_count, stars_count, github_link) VALUES (35, 43, 2145, 27, 430, 637, 'https://github.com/aave/aave-protocol/blob/master/docs/Aave_Protocol_Whitepaper_v1_0.pdf');
INSERT INTO currencies.github (id, currency_id, commits_count, contributors_count, forks_count, stars_count, github_link) VALUES (36, 44, 1414, 20, 114, 288, 'https://github.com/graphprotocol');
INSERT INTO currencies.github (id, currency_id, commits_count, contributors_count, forks_count, stars_count, github_link) VALUES (37, 45, 4018, 99, 425, 1273, 'https://github.com/algorand/go-algorand');
INSERT INTO currencies.github (id, currency_id, commits_count, contributors_count, forks_count, stars_count, github_link) VALUES (38, 46, 11390, null, 18380, 47, 'https://github.com/xinfinorg');
INSERT INTO currencies.github (id, currency_id, commits_count, contributors_count, forks_count, stars_count, github_link) VALUES (39, 51, 19606, 85, 641, 2817, 'https://github.com/stacks-network');
INSERT INTO currencies.github (id, currency_id, commits_count, contributors_count, forks_count, stars_count, github_link) VALUES (40, 52, 27020, 44, 190, 886, 'https://github.com/multiversx');
INSERT INTO currencies.github (id, currency_id, commits_count, contributors_count, forks_count, stars_count, github_link) VALUES (41, 53, 22491, 61, 49, 93, 'https://github.com/AntelopeIO/leap');
INSERT INTO currencies.github (id, currency_id, commits_count, contributors_count, forks_count, stars_count, github_link) VALUES (42, 54, 1985, 8, 85, 357, 'https://github.com/thetatoken');
INSERT INTO currencies.github (id, currency_id, commits_count, contributors_count, forks_count, stars_count, github_link) VALUES (43, 56, 3721, 16, 37, 46, 'https://github.com/InjectiveLabs');
INSERT INTO currencies.github (id, currency_id, commits_count, contributors_count, forks_count, stars_count, github_link) VALUES (44, 57, 3346, 33, 71, 212, 'https://github.com/Fantom-Foundation');
INSERT INTO currencies.github (id, currency_id, commits_count, contributors_count, forks_count, stars_count, github_link) VALUES (45, 58, 18725, 468, 295, 594, 'https://github.com/bitcoin-sv/bitcoin-sv');
INSERT INTO currencies.github (id, currency_id, commits_count, contributors_count, forks_count, stars_count, github_link) VALUES (46, 59, 84, 8, 57, 156, 'https://github.com/decentraland/mana');
INSERT INTO currencies.github (id, currency_id, commits_count, contributors_count, forks_count, stars_count, github_link) VALUES (47, 63, 55, 9, 95, 162, 'https://github.com/paxosglobal/pax-contracts');
INSERT INTO currencies.github (id, currency_id, commits_count, contributors_count, forks_count, stars_count, github_link) VALUES (48, 64, 1412, 62, 1019, 3433, 'https://github.com/neo-project/neo');
INSERT INTO currencies.github (id, currency_id, commits_count, contributors_count, forks_count, stars_count, github_link) VALUES (49, 65, 263, 4, 15, 44, 'https://github.com/thorchain/Resources/tree/master/Whitepapers/THORChain/whitepaper-en.md');
INSERT INTO currencies.github (id, currency_id, commits_count, contributors_count, forks_count, stars_count, github_link) VALUES (50, 66, 1388, 36, 300, 405, 'https://github.com/kava-labs');
INSERT INTO currencies.github (id, currency_id, commits_count, contributors_count, forks_count, stars_count, github_link) VALUES (51, 67, 9, 4, 38, 48, 'https://github.com/paxosglobal/paxos-gold-contract');
INSERT INTO currencies.github (id, currency_id, commits_count, contributors_count, forks_count, stars_count, github_link) VALUES (52, 69, 26094, 691, 712, 1125, 'https://github.com/bitcoin-abc');
INSERT INTO currencies.github (id, currency_id, commits_count, contributors_count, forks_count, stars_count, github_link) VALUES (53, 70, 33986, 65, 152, 500, 'https://github.com/onflow');
INSERT INTO currencies.github (id, currency_id, commits_count, contributors_count, forks_count, stars_count, github_link) VALUES (54, 71, 2574, 16, 191, 836, 'https://github.com/rocket-pool/rocketpool');
INSERT INTO currencies.github (id, currency_id, commits_count, contributors_count, forks_count, stars_count, github_link) VALUES (55, 74, 5905, 43, 173, 350, 'https://github.com/klaytn/klaytn');
INSERT INTO currencies.github (id, currency_id, commits_count, contributors_count, forks_count, stars_count, github_link) VALUES (56, 76, 661, 14, 151, 383, 'https://github.com/fraxfinance');
INSERT INTO currencies.github (id, currency_id, commits_count, contributors_count, forks_count, stars_count, github_link) VALUES (57, 77, 11725, 53, 132, 267, 'https://github.com/iotaledger');
INSERT INTO currencies.github (id, currency_id, commits_count, contributors_count, forks_count, stars_count, github_link) VALUES (58, 78, 17949, 490, 2042, 4776, 'https://github.com/zcash/zips/blob/master/protocol/protocol.pdf');
INSERT INTO currencies.github (id, currency_id, commits_count, contributors_count, forks_count, stars_count, github_link) VALUES (59, 79, 13151, 43, 185, 348, 'https://github.com/casper-network/');
INSERT INTO currencies.github (id, currency_id, commits_count, contributors_count, forks_count, stars_count, github_link) VALUES (60, 80, 9844, 208, 12095, 5209, 'https://github.com/MystenLabs');
INSERT INTO currencies.github (id, currency_id, commits_count, contributors_count, forks_count, stars_count, github_link) VALUES (61, 82, 170, 23, 252, 1068, 'https://github.com/bittorrent');
INSERT INTO currencies.github (id, currency_id, commits_count, contributors_count, forks_count, stars_count, github_link) VALUES (62, 83, 1276, 7, 58, 408, 'https://github.com/curvefi/curve-contract');
INSERT INTO currencies.github (id, currency_id, commits_count, contributors_count, forks_count, stars_count, github_link) VALUES (63, 84, 4248, 32, 183, 616, 'https://github.com/Conflux-Chain');
INSERT INTO currencies.github (id, currency_id, commits_count, contributors_count, forks_count, stars_count, github_link) VALUES (64, 85, 26041, 95, 458, 1802, 'https://github.com/MinaProtocol/mina');
INSERT INTO currencies.github (id, currency_id, commits_count, contributors_count, forks_count, stars_count, github_link) VALUES (65, 86, 29, 4, 1, 4, 'https://github.com/gatechain');
INSERT INTO currencies.github (id, currency_id, commits_count, contributors_count, forks_count, stars_count, github_link) VALUES (66, 87, 145, 14, 86, 357, 'https://github.com/terra-money/core');
INSERT INTO currencies.github (id, currency_id, commits_count, contributors_count, forks_count, stars_count, github_link) VALUES (67, 88, 1320, 126, 1443, 2366, 'https://github.com/trustwallet');
INSERT INTO currencies.github (id, currency_id, commits_count, contributors_count, forks_count, stars_count, github_link) VALUES (68, 91, 78, 22, 1208, 1748, 'https://github.com/compound-finance/compound-protocol');
INSERT INTO currencies.github (id, currency_id, commits_count, contributors_count, forks_count, stars_count, github_link) VALUES (69, 92, 3, null, 55, 97, 'https://github.com/nexofinance/NEXO-Token/');
INSERT INTO currencies.github (id, currency_id, commits_count, contributors_count, forks_count, stars_count, github_link) VALUES (70, 97, 1, 2, 28, 82, 'https://github.com/gemini/dollar');
INSERT INTO currencies.github (id, currency_id, commits_count, contributors_count, forks_count, stars_count, github_link) VALUES (71, 98, 113, 5, 21, 52, 'https://github.com/flare-foundation/');
INSERT INTO currencies.github (id, currency_id, commits_count, contributors_count, forks_count, stars_count, github_link) VALUES (72, 99, 737, 31, 189, 667, 'https://github.com/AstarNetwork/Astar');
INSERT INTO currencies.github (id, currency_id, commits_count, contributors_count, forks_count, stars_count, github_link) VALUES (73, 100, 22798, null, 35610, 1466, 'https://github.com/dashpay/dash');
INSERT INTO currencies.github (id, currency_id, commits_count, contributors_count, forks_count, stars_count, github_link) VALUES (74, 102, 6612, 98, 3397, 2335, 'https://github.com/pancakeswap');
INSERT INTO currencies.github (id, currency_id, commits_count, contributors_count, forks_count, stars_count, github_link) VALUES (75, 104, 2774, 34, 171, 800, 'https://github.com/ArweaveTeam/arweave');
INSERT INTO currencies.github (id, currency_id, commits_count, contributors_count, forks_count, stars_count, github_link) VALUES (76, 105, 9954, 58, 279, 1132, 'https://github.com/Zilliqa/Zilliqa');
INSERT INTO currencies.github (id, currency_id, commits_count, contributors_count, forks_count, stars_count, github_link) VALUES (77, 106, 8470, 35, 89, 306, 'https://github.com/oasisprotocol/oasis-core');
INSERT INTO currencies.github (id, currency_id, commits_count, contributors_count, forks_count, stars_count, github_link) VALUES (78, 107, 460, 19, 99, 412, 'https://github.com/gnosis/research/blob/master/gnosis-whitepaper.pdf');
INSERT INTO currencies.github (id, currency_id, commits_count, contributors_count, forks_count, stars_count, github_link) VALUES (79, 108, 1056, 15, 26, 64, 'https://github.com/brave-intl/bat-ledger');
INSERT INTO currencies.github (id, currency_id, commits_count, contributors_count, forks_count, stars_count, github_link) VALUES (80, 109, 1962, null, 623, 3, 'https://github.com/SafePalWallet');
INSERT INTO currencies.github (id, currency_id, commits_count, contributors_count, forks_count, stars_count, github_link) VALUES (81, 110, 7, 3, 111, 138, 'https://github.com/1inch');
INSERT INTO currencies.github (id, currency_id, commits_count, contributors_count, forks_count, stars_count, github_link) VALUES (82, 111, 774, 28, 747, 2443, 'https://github.com/sei-protocol');
INSERT INTO currencies.github (id, currency_id, commits_count, contributors_count, forks_count, stars_count, github_link) VALUES (83, 112, 11413, 161, 2040, 10940, 'https://github.com/Chia-Network/chia-blockchain');
INSERT INTO currencies.github (id, currency_id, commits_count, contributors_count, forks_count, stars_count, github_link) VALUES (84, 113, 3513, 34, 83, 291, 'https://github.com/Loopring/protocols/blob/master/packages/loopring_v3/DESIGN.md');
INSERT INTO currencies.github (id, currency_id, commits_count, contributors_count, forks_count, stars_count, github_link) VALUES (85, 114, 98, 12, 204, 403, 'https://github.com/enjin/');
INSERT INTO currencies.github (id, currency_id, commits_count, contributors_count, forks_count, stars_count, github_link) VALUES (86, 115, 1388, 12, 11, 64, 'https://github.com/helium/');
INSERT INTO currencies.github (id, currency_id, commits_count, contributors_count, forks_count, stars_count, github_link) VALUES (87, 116, 40995, 653, 403, 1185, 'https://github.com/qtumproject/qtum/');
INSERT INTO currencies.github (id, currency_id, commits_count, contributors_count, forks_count, stars_count, github_link) VALUES (88, 117, 462, 35, 546, 1134, 'https://github.com/ensdomains');
INSERT INTO currencies.github (id, currency_id, commits_count, contributors_count, forks_count, stars_count, github_link) VALUES (89, 118, 7870, 9, 4, 11, 'https://github.com/NemProject');
INSERT INTO currencies.github (id, currency_id, commits_count, contributors_count, forks_count, stars_count, github_link) VALUES (90, 119, 18580, 148, 347, 641, 'https://github.com/BTCGPU/BTCGPU/wiki/Technical-Spec');
INSERT INTO currencies.github (id, currency_id, commits_count, contributors_count, forks_count, stars_count, github_link) VALUES (91, 120, 1734, 16, 42, 36, 'https://github.com/singnet/');
INSERT INTO currencies.github (id, currency_id, commits_count, contributors_count, forks_count, stars_count, github_link) VALUES (92, 121, 492, 4, 85, 165, 'https://github.com/convex-eth/platform');
INSERT INTO currencies.github (id, currency_id, commits_count, contributors_count, forks_count, stars_count, github_link) VALUES (93, 122, 10399, 77, 320, 1458, 'https://github.com/DimensionDev/Maskbook');
INSERT INTO currencies.github (id, currency_id, commits_count, contributors_count, forks_count, stars_count, github_link) VALUES (94, 123, 14740, 353, 183, 491, 'https://github.com/celo-org/celo-monorepo/');
INSERT INTO currencies.github (id, currency_id, commits_count, contributors_count, forks_count, stars_count, github_link) VALUES (95, 124, 1985, 8, 85, 357, 'https://github.com/thetatoken/theta-protocol-ledger');
INSERT INTO currencies.github (id, currency_id, commits_count, contributors_count, forks_count, stars_count, github_link) VALUES (96, 125, 6633, 113, 299, 703, 'https://github.com/decred/');
INSERT INTO currencies.github (id, currency_id, commits_count, contributors_count, forks_count, stars_count, github_link) VALUES (97, 126, 282, 9, 23, 52, 'https://github.com/Ankr-network');
INSERT INTO currencies.github (id, currency_id, commits_count, contributors_count, forks_count, stars_count, github_link) VALUES (98, 127, 16641, 50, 646, 1049, 'https://github.com/RavenProject/Ravencoin');
INSERT INTO currencies.github (id, currency_id, commits_count, contributors_count, forks_count, stars_count, github_link) VALUES (99, 128, 2934, 136, 441, 774, 'https://github.com/osmosis-labs/osmosis');
INSERT INTO currencies.github (id, currency_id, commits_count, contributors_count, forks_count, stars_count, github_link) VALUES (100, 129, 2200, 31, 292, 178, 'https://github.com/oceanprotocol');
INSERT INTO currencies.github (id, currency_id, commits_count, contributors_count, forks_count, stars_count, github_link) VALUES (101, 130, 439, 29, 305, 254, 'https://github.com/yearn/iearn-finance');
INSERT INTO currencies.github (id, currency_id, commits_count, contributors_count, forks_count, stars_count, github_link) VALUES (102, 131, 3025, 48, 156, 509, 'https://github.com/livepeer/wiki/blob/master/WHITEPAPER.md');
INSERT INTO currencies.github (id, currency_id, commits_count, contributors_count, forks_count, stars_count, github_link) VALUES (103, 132, 17530, 49, 281, 1033, 'https://github.com/holochain/holochain-rust');
INSERT INTO currencies.github (id, currency_id, commits_count, contributors_count, forks_count, stars_count, github_link) VALUES (104, 136, 21164, 49, 236, 803, 'https://github.com/aelfProject');
INSERT INTO currencies.github (id, currency_id, commits_count, contributors_count, forks_count, stars_count, github_link) VALUES (105, 137, 646, 27, 33, 68, 'https://github.com/fetchai');
INSERT INTO currencies.github (id, currency_id, commits_count, contributors_count, forks_count, stars_count, github_link) VALUES (106, 139, 13068, 62, 442, 1171, 'https://github.com/wavesplatform/');
INSERT INTO currencies.github (id, currency_id, commits_count, contributors_count, forks_count, stars_count, github_link) VALUES (107, 140, 4, 2, 4, 10, 'https://github.com/golemfactory/golem');
INSERT INTO currencies.github (id, currency_id, commits_count, contributors_count, forks_count, stars_count, github_link) VALUES (108, 144, 69, null, 10, 10, 'https://github.com/floki-inu');
INSERT INTO currencies.github (id, currency_id, commits_count, contributors_count, forks_count, stars_count, github_link) VALUES (109, 145, 691, 14, 16, 32, 'https://github.com/threshold-network');
INSERT INTO currencies.github (id, currency_id, commits_count, contributors_count, forks_count, stars_count, github_link) VALUES (110, 146, 5571, 20, 37, 72, 'https://github.com/icon-project');
INSERT INTO currencies.github (id, currency_id, commits_count, contributors_count, forks_count, stars_count, github_link) VALUES (111, 148, 438, 7, 5, 47, 'https://github.com/SiaFoundation');
INSERT INTO currencies.github (id, currency_id, commits_count, contributors_count, forks_count, stars_count, github_link) VALUES (112, 150, 7277, 7, 6, 17, 'https://github.com/Solar-network');
INSERT INTO currencies.github (id, currency_id, commits_count, contributors_count, forks_count, stars_count, github_link) VALUES (113, 151, 145, 14, 86, 357, 'https://github.com/terra-money/core');
INSERT INTO currencies.github (id, currency_id, commits_count, contributors_count, forks_count, stars_count, github_link) VALUES (114, 153, 9195, 78, 99, 318, 'https://github.com/openhive-network/hive');
INSERT INTO currencies.github (id, currency_id, commits_count, contributors_count, forks_count, stars_count, github_link) VALUES (115, 154, 17269, 103, 180, 314, 'https://github.com/0xProject');
INSERT INTO currencies.github (id, currency_id, commits_count, contributors_count, forks_count, stars_count, github_link) VALUES (116, 155, 13581, null, 18380, 199, 'https://github.com/ethereumpow');
INSERT INTO currencies.github (id, currency_id, commits_count, contributors_count, forks_count, stars_count, github_link) VALUES (117, 156, 2368, 55, 323, 815, 'https://github.com/ontio');
INSERT INTO currencies.github (id, currency_id, commits_count, contributors_count, forks_count, stars_count, github_link) VALUES (118, 157, 1576, 9, 22, 22, 'https://github.com/bloxapp/ssv-web');
INSERT INTO currencies.github (id, currency_id, commits_count, contributors_count, forks_count, stars_count, github_link) VALUES (119, 158, 2006, 42, 301, 823, 'https://github.com/PureStake/moonbeam');
INSERT INTO currencies.github (id, currency_id, commits_count, contributors_count, forks_count, stars_count, github_link) VALUES (120, 160, 3986, 21, 39, 97, 'https://github.com/bandprotocol');
INSERT INTO currencies.github (id, currency_id, commits_count, contributors_count, forks_count, stars_count, github_link) VALUES (121, 161, 41, 3, 66, 139, 'https://github.com/bcnmy');
INSERT INTO currencies.github (id, currency_id, commits_count, contributors_count, forks_count, stars_count, github_link) VALUES (122, 162, 8126, 70, 291, 1455, 'https://github.com/harmony-one');
INSERT INTO currencies.github (id, currency_id, commits_count, contributors_count, forks_count, stars_count, github_link) VALUES (123, 163, 16137, 215, 53, 126, 'https://github.com/worldwide-asset-exchange/');
INSERT INTO currencies.github (id, currency_id, commits_count, contributors_count, forks_count, stars_count, github_link) VALUES (124, 164, 8761, 21, 1512, 1769, 'https://github.com/sushiswap/sushiswap');
INSERT INTO currencies.github (id, currency_id, commits_count, contributors_count, forks_count, stars_count, github_link) VALUES (125, 165, 1247, 29, 65, 92, 'https://github.com/axelarnetwork');
INSERT INTO currencies.github (id, currency_id, commits_count, contributors_count, forks_count, stars_count, github_link) VALUES (126, 166, 3037, 81, 317, 1481, 'https://github.com/iotexproject/iotex-core');
INSERT INTO currencies.github (id, currency_id, commits_count, contributors_count, forks_count, stars_count, github_link) VALUES (127, 167, 18, 3, 6, 34, 'https://github.com/TreasureProject/');
INSERT INTO currencies.github (id, currency_id, commits_count, contributors_count, forks_count, stars_count, github_link) VALUES (128, 169, 145, 14, 86, 357, 'https://github.com/terra-project');
INSERT INTO currencies.github (id, currency_id, commits_count, contributors_count, forks_count, stars_count, github_link) VALUES (129, 170, 3131, 32, 91, 235, 'https://github.com/kadena-io/chainweb-node');
INSERT INTO currencies.github (id, currency_id, commits_count, contributors_count, forks_count, stars_count, github_link) VALUES (130, 173, 8388, 46, 202, 1071, 'https://github.com/nervosnetwork/rfcs/blob/master/rfcs/0002-ckb/0002-ckb.md');
INSERT INTO currencies.github (id, currency_id, commits_count, contributors_count, forks_count, stars_count, github_link) VALUES (131, 174, 21667, null, 241, 79, 'https://github.com/DigiByte-Core');
INSERT INTO currencies.github (id, currency_id, commits_count, contributors_count, forks_count, stars_count, github_link) VALUES (132, 176, 2, null, 15, 9, 'https://github.com/daomaker');
INSERT INTO currencies.github (id, currency_id, commits_count, contributors_count, forks_count, stars_count, github_link) VALUES (133, 177, 2205, 53, 138, 1130, 'https://github.com/mobilecoinfoundation/mobilecoin');
INSERT INTO currencies.github (id, currency_id, commits_count, contributors_count, forks_count, stars_count, github_link) VALUES (134, 178, 233, 13, 48, 142, 'https://github.com/ribbon-finance');
INSERT INTO currencies.github (id, currency_id, commits_count, contributors_count, forks_count, stars_count, github_link) VALUES (135, 180, 589, 16, 46, 127, 'https://github.com/skalenetwork');
INSERT INTO currencies.github (id, currency_id, commits_count, contributors_count, forks_count, stars_count, github_link) VALUES (136, 181, 4635, 200, 264, 192, 'https://github.com/runonflux');
INSERT INTO currencies.github (id, currency_id, commits_count, contributors_count, forks_count, stars_count, github_link) VALUES (137, 183, 14568, 389, 110, 249, 'https://github.com/HorizenOfficial');
INSERT INTO currencies.github (id, currency_id, commits_count, contributors_count, forks_count, stars_count, github_link) VALUES (138, 185, 327, 3, 8, 18, 'https://github.com/reserve-protocol');
INSERT INTO currencies.github (id, currency_id, commits_count, contributors_count, forks_count, stars_count, github_link) VALUES (139, 186, 11824, 260, 71, 145, 'https://github.com/tomochain/');
INSERT INTO currencies.github (id, currency_id, commits_count, contributors_count, forks_count, stars_count, github_link) VALUES (140, 187, 3692, 34, 47, 134, 'https://github.com/tonlabs/ever-sdk');
INSERT INTO currencies.github (id, currency_id, commits_count, contributors_count, forks_count, stars_count, github_link) VALUES (141, 189, 33403, 78, 480, 2760, 'https://github.com/LiskHQ/lisk-sdk');
INSERT INTO currencies.github (id, currency_id, commits_count, contributors_count, forks_count, stars_count, github_link) VALUES (142, 190, 5728, 89, 811, 3454, 'https://github.com/nanocurrency');
INSERT INTO currencies.github (id, currency_id, commits_count, contributors_count, forks_count, stars_count, github_link) VALUES (143, 191, 8414, 98, 392, 2734, 'https://github.com/storj/storj');
INSERT INTO currencies.github (id, currency_id, commits_count, contributors_count, forks_count, stars_count, github_link) VALUES (144, 192, 4, 2, 4, 4, 'https://github.com/Alchemy-GPS');
INSERT INTO currencies.github (id, currency_id, commits_count, contributors_count, forks_count, stars_count, github_link) VALUES (145, 194, 972, 16, 10, 34, 'https://github.com/cartesi');
INSERT INTO currencies.github (id, currency_id, commits_count, contributors_count, forks_count, stars_count, github_link) VALUES (146, 195, 410, 13, 77, 109, 'https://github.com/celer-network');
INSERT INTO currencies.github (id, currency_id, commits_count, contributors_count, forks_count, stars_count, github_link) VALUES (147, 196, 514, null, 1035, 1, 'https://github.com/playdapp');
INSERT INTO currencies.github (id, currency_id, commits_count, contributors_count, forks_count, stars_count, github_link) VALUES (148, 199, 8470, 247, 984, 3717, 'https://github.com/status-im');
INSERT INTO currencies.github (id, currency_id, commits_count, contributors_count, forks_count, stars_count, github_link) VALUES (149, 200, 5, null, 18, 48, 'https://github.com/amptoken');


create table languages
(
    id   int          not null
        primary key,
    name varchar(255) null
);

INSERT INTO currencies.languages (id, name) VALUES (1, 'C++');
INSERT INTO currencies.languages (id, name) VALUES (2, 'Python');
INSERT INTO currencies.languages (id, name) VALUES (3, 'C');
INSERT INTO currencies.languages (id, name) VALUES (4, 'M4');
INSERT INTO currencies.languages (id, name) VALUES (5, 'Shell');
INSERT INTO currencies.languages (id, name) VALUES (6, 'Makefile');
INSERT INTO currencies.languages (id, name) VALUES (7, 'Other');
INSERT INTO currencies.languages (id, name) VALUES (8, 'Go');
INSERT INTO currencies.languages (id, name) VALUES (9, 'JavaScript');
INSERT INTO currencies.languages (id, name) VALUES (10, 'Assembly');
INSERT INTO currencies.languages (id, name) VALUES (11, 'Java');
INSERT INTO currencies.languages (id, name) VALUES (12, 'Sage');
INSERT INTO currencies.languages (id, name) VALUES (13, 'CMake');
INSERT INTO currencies.languages (id, name) VALUES (14, 'Solidity');
INSERT INTO currencies.languages (id, name) VALUES (15, 'TypeScript');
INSERT INTO currencies.languages (id, name) VALUES (16, 'Rust');
INSERT INTO currencies.languages (id, name) VALUES (17, 'Ruby');
INSERT INTO currencies.languages (id, name) VALUES (18, 'Dockerfile');
INSERT INTO currencies.languages (id, name) VALUES (19, 'Handlebars');
INSERT INTO currencies.languages (id, name) VALUES (20, 'PHP');
INSERT INTO currencies.languages (id, name) VALUES (21, 'RPC');
INSERT INTO currencies.languages (id, name) VALUES (22, 'PLpgSQL');
INSERT INTO currencies.languages (id, name) VALUES (23, 'PureBasic');
INSERT INTO currencies.languages (id, name) VALUES (24, 'HTML');
INSERT INTO currencies.languages (id, name) VALUES (25, 'Kotlin');
INSERT INTO currencies.languages (id, name) VALUES (26, 'Starlark');
INSERT INTO currencies.languages (id, name) VALUES (27, 'Haskell');
INSERT INTO currencies.languages (id, name) VALUES (28, 'Nix');
INSERT INTO currencies.languages (id, name) VALUES (29, 'Jsonnet');
INSERT INTO currencies.languages (id, name) VALUES (30, 'Move');
INSERT INTO currencies.languages (id, name) VALUES (31, 'HCL');
INSERT INTO currencies.languages (id, name) VALUES (32, 'WebAssembly');
INSERT INTO currencies.languages (id, name) VALUES (33, 'SCSS');
INSERT INTO currencies.languages (id, name) VALUES (34, 'Clarity');
INSERT INTO currencies.languages (id, name) VALUES (35, 'Mustache');
INSERT INTO currencies.languages (id, name) VALUES (36, 'Vue');
INSERT INTO currencies.languages (id, name) VALUES (37, 'CSS');
INSERT INTO currencies.languages (id, name) VALUES (38, 'C#');
INSERT INTO currencies.languages (id, name) VALUES (39, 'Cadence');
INSERT INTO currencies.languages (id, name) VALUES (40, 'Vyper');
INSERT INTO currencies.languages (id, name) VALUES (41, 'TLA');
INSERT INTO currencies.languages (id, name) VALUES (42, 'Svelte');
INSERT INTO currencies.languages (id, name) VALUES (43, 'SMT');
INSERT INTO currencies.languages (id, name) VALUES (44, 'TeX');
INSERT INTO currencies.languages (id, name) VALUES (45, 'OCaml');
INSERT INTO currencies.languages (id, name) VALUES (46, 'Reason');
INSERT INTO currencies.languages (id, name) VALUES (47, 'Standard ML');
INSERT INTO currencies.languages (id, name) VALUES (48, 'Swift');
INSERT INTO currencies.languages (id, name) VALUES (49, 'PEG.js');
INSERT INTO currencies.languages (id, name) VALUES (50, 'Erlang');
INSERT INTO currencies.languages (id, name) VALUES (51, 'Cuda');
INSERT INTO currencies.languages (id, name) VALUES (52, 'Hack');
INSERT INTO currencies.languages (id, name) VALUES (53, 'PLSQL');
INSERT INTO currencies.languages (id, name) VALUES (54, 'ShaderLab');
INSERT INTO currencies.languages (id, name) VALUES (55, 'HLSL');
INSERT INTO currencies.languages (id, name) VALUES (56, 'Scala');
INSERT INTO currencies.languages (id, name) VALUES (57, 'MDX');
INSERT INTO currencies.languages (id, name) VALUES (58, 'Pact');
INSERT INTO currencies.languages (id, name) VALUES (59, 'PowerShell');
INSERT INTO currencies.languages (id, name) VALUES (60, 'Smarty');
INSERT INTO currencies.languages (id, name) VALUES (61, 'Perl');
INSERT INTO currencies.languages (id, name) VALUES (62, 'Rich Text Format');
INSERT INTO currencies.languages (id, name) VALUES (63, 'Lua');
INSERT INTO currencies.languages (id, name) VALUES (64, 'Clojure');


create table languages_currency
(
    id          int auto_increment
        primary key,
    currency_id int    null,
    language_id int    null,
    percentage  double null,
    constraint id
        unique (id),
    constraint currency_lang_data_currency_data_id_fk
        foreign key (currency_id) references currency (id),
    constraint currency_lang_data_languages_id_fk
        foreign key (language_id) references languages (id)
);

INSERT INTO currencies.languages_currency (id, currency_id, language_id, percentage) VALUES (1, 1, 1, 65.2);
INSERT INTO currencies.languages_currency (id, currency_id, language_id, percentage) VALUES (2, 1, 2, 19.6);
INSERT INTO currencies.languages_currency (id, currency_id, language_id, percentage) VALUES (3, 1, 3, 10.8);
INSERT INTO currencies.languages_currency (id, currency_id, language_id, percentage) VALUES (4, 1, 4, 1.3);
INSERT INTO currencies.languages_currency (id, currency_id, language_id, percentage) VALUES (5, 1, 5, 1);
INSERT INTO currencies.languages_currency (id, currency_id, language_id, percentage) VALUES (6, 1, 6, 0.9);
INSERT INTO currencies.languages_currency (id, currency_id, language_id, percentage) VALUES (7, 1, 7, 1.2);
INSERT INTO currencies.languages_currency (id, currency_id, language_id, percentage) VALUES (8, 2, 8, 89.5);
INSERT INTO currencies.languages_currency (id, currency_id, language_id, percentage) VALUES (9, 2, 3, 5.1);
INSERT INTO currencies.languages_currency (id, currency_id, language_id, percentage) VALUES (10, 2, 9, 3.3);
INSERT INTO currencies.languages_currency (id, currency_id, language_id, percentage) VALUES (11, 2, 10, 0.7);
INSERT INTO currencies.languages_currency (id, currency_id, language_id, percentage) VALUES (12, 2, 11, 0.2);
INSERT INTO currencies.languages_currency (id, currency_id, language_id, percentage) VALUES (13, 2, 12, 0.2);
INSERT INTO currencies.languages_currency (id, currency_id, language_id, percentage) VALUES (14, 2, 7, 1);
INSERT INTO currencies.languages_currency (id, currency_id, language_id, percentage) VALUES (15, 4, 8, 91.6);
INSERT INTO currencies.languages_currency (id, currency_id, language_id, percentage) VALUES (16, 4, 3, 4);
INSERT INTO currencies.languages_currency (id, currency_id, language_id, percentage) VALUES (17, 4, 9, 2.7);
INSERT INTO currencies.languages_currency (id, currency_id, language_id, percentage) VALUES (18, 4, 10, 0.6);
INSERT INTO currencies.languages_currency (id, currency_id, language_id, percentage) VALUES (19, 4, 11, 0.2);
INSERT INTO currencies.languages_currency (id, currency_id, language_id, percentage) VALUES (20, 4, 12, 0.2);
INSERT INTO currencies.languages_currency (id, currency_id, language_id, percentage) VALUES (21, 4, 7, 0.7);
INSERT INTO currencies.languages_currency (id, currency_id, language_id, percentage) VALUES (22, 5, 1, 73.8);
INSERT INTO currencies.languages_currency (id, currency_id, language_id, percentage) VALUES (23, 5, 3, 24);
INSERT INTO currencies.languages_currency (id, currency_id, language_id, percentage) VALUES (24, 5, 13, 0.6);
INSERT INTO currencies.languages_currency (id, currency_id, language_id, percentage) VALUES (25, 5, 5, 0.3);
INSERT INTO currencies.languages_currency (id, currency_id, language_id, percentage) VALUES (26, 5, 9, 0.2);
INSERT INTO currencies.languages_currency (id, currency_id, language_id, percentage) VALUES (27, 5, 11, 0.2);
INSERT INTO currencies.languages_currency (id, currency_id, language_id, percentage) VALUES (28, 5, 7, 0.9);
INSERT INTO currencies.languages_currency (id, currency_id, language_id, percentage) VALUES (29, 6, 9, 59.7);
INSERT INTO currencies.languages_currency (id, currency_id, language_id, percentage) VALUES (30, 6, 14, 21.7);
INSERT INTO currencies.languages_currency (id, currency_id, language_id, percentage) VALUES (31, 6, 15, 18.5);
INSERT INTO currencies.languages_currency (id, currency_id, language_id, percentage) VALUES (32, 6, 5, 0.1);
INSERT INTO currencies.languages_currency (id, currency_id, language_id, percentage) VALUES (33, 8, 1, 67.5);
INSERT INTO currencies.languages_currency (id, currency_id, language_id, percentage) VALUES (34, 8, 2, 15.8);
INSERT INTO currencies.languages_currency (id, currency_id, language_id, percentage) VALUES (35, 8, 3, 10.2);
INSERT INTO currencies.languages_currency (id, currency_id, language_id, percentage) VALUES (36, 8, 4, 2.7);
INSERT INTO currencies.languages_currency (id, currency_id, language_id, percentage) VALUES (37, 8, 6, 1.3);
INSERT INTO currencies.languages_currency (id, currency_id, language_id, percentage) VALUES (38, 8, 5, 0.7);
INSERT INTO currencies.languages_currency (id, currency_id, language_id, percentage) VALUES (39, 8, 7, 1.8);
INSERT INTO currencies.languages_currency (id, currency_id, language_id, percentage) VALUES (40, 9, 16, 96.2);
INSERT INTO currencies.languages_currency (id, currency_id, language_id, percentage) VALUES (41, 9, 5, 2.4);
INSERT INTO currencies.languages_currency (id, currency_id, language_id, percentage) VALUES (42, 9, 3, 0.9);
INSERT INTO currencies.languages_currency (id, currency_id, language_id, percentage) VALUES (43, 9, 1, 0.2);
INSERT INTO currencies.languages_currency (id, currency_id, language_id, percentage) VALUES (44, 9, 2, 0.1);
INSERT INTO currencies.languages_currency (id, currency_id, language_id, percentage) VALUES (45, 9, 6, 0.1);
INSERT INTO currencies.languages_currency (id, currency_id, language_id, percentage) VALUES (46, 9, 7, 0.1);
INSERT INTO currencies.languages_currency (id, currency_id, language_id, percentage) VALUES (47, 10, 11, 99.5);
INSERT INTO currencies.languages_currency (id, currency_id, language_id, percentage) VALUES (48, 10, 7, 0.5);
INSERT INTO currencies.languages_currency (id, currency_id, language_id, percentage) VALUES (49, 11, 16, 99.2);
INSERT INTO currencies.languages_currency (id, currency_id, language_id, percentage) VALUES (50, 11, 5, 0.6);
INSERT INTO currencies.languages_currency (id, currency_id, language_id, percentage) VALUES (51, 11, 17, 0.1);
INSERT INTO currencies.languages_currency (id, currency_id, language_id, percentage) VALUES (52, 11, 18, 0.1);
INSERT INTO currencies.languages_currency (id, currency_id, language_id, percentage) VALUES (53, 11, 9, 0);
INSERT INTO currencies.languages_currency (id, currency_id, language_id, percentage) VALUES (54, 11, 19, 0);
INSERT INTO currencies.languages_currency (id, currency_id, language_id, percentage) VALUES (55, 13, 8, 90);
INSERT INTO currencies.languages_currency (id, currency_id, language_id, percentage) VALUES (56, 13, 3, 4.7);
INSERT INTO currencies.languages_currency (id, currency_id, language_id, percentage) VALUES (57, 13, 9, 3.1);
INSERT INTO currencies.languages_currency (id, currency_id, language_id, percentage) VALUES (58, 13, 10, 0.7);
INSERT INTO currencies.languages_currency (id, currency_id, language_id, percentage) VALUES (59, 13, 5, 0.3);
INSERT INTO currencies.languages_currency (id, currency_id, language_id, percentage) VALUES (60, 13, 11, 0.2);
INSERT INTO currencies.languages_currency (id, currency_id, language_id, percentage) VALUES (61, 13, 7, 1);
INSERT INTO currencies.languages_currency (id, currency_id, language_id, percentage) VALUES (62, 14, 1, 97.4);
INSERT INTO currencies.languages_currency (id, currency_id, language_id, percentage) VALUES (63, 14, 13, 1.7);
INSERT INTO currencies.languages_currency (id, currency_id, language_id, percentage) VALUES (64, 14, 11, 0.2);
INSERT INTO currencies.languages_currency (id, currency_id, language_id, percentage) VALUES (65, 14, 2, 0.2);
INSERT INTO currencies.languages_currency (id, currency_id, language_id, percentage) VALUES (66, 14, 20, 0.2);
INSERT INTO currencies.languages_currency (id, currency_id, language_id, percentage) VALUES (67, 14, 3, 0.1);
INSERT INTO currencies.languages_currency (id, currency_id, language_id, percentage) VALUES (68, 14, 7, 0.2);
INSERT INTO currencies.languages_currency (id, currency_id, language_id, percentage) VALUES (69, 15, 1, 62);
INSERT INTO currencies.languages_currency (id, currency_id, language_id, percentage) VALUES (70, 15, 2, 16);
INSERT INTO currencies.languages_currency (id, currency_id, language_id, percentage) VALUES (71, 15, 3, 11.2);
INSERT INTO currencies.languages_currency (id, currency_id, language_id, percentage) VALUES (72, 15, 10, 6.3);
INSERT INTO currencies.languages_currency (id, currency_id, language_id, percentage) VALUES (73, 15, 4, 1.6);
INSERT INTO currencies.languages_currency (id, currency_id, language_id, percentage) VALUES (74, 15, 5, 1.1);
INSERT INTO currencies.languages_currency (id, currency_id, language_id, percentage) VALUES (75, 15, 7, 1.8);
INSERT INTO currencies.languages_currency (id, currency_id, language_id, percentage) VALUES (76, 16, 8, 100);
INSERT INTO currencies.languages_currency (id, currency_id, language_id, percentage) VALUES (77, 17, 9, 78.9);
INSERT INTO currencies.languages_currency (id, currency_id, language_id, percentage) VALUES (78, 17, 14, 21.1);
INSERT INTO currencies.languages_currency (id, currency_id, language_id, percentage) VALUES (79, 20, 8, 99.5);
INSERT INTO currencies.languages_currency (id, currency_id, language_id, percentage) VALUES (80, 20, 7, 0.5);
INSERT INTO currencies.languages_currency (id, currency_id, language_id, percentage) VALUES (81, 21, 3, 52.5);
INSERT INTO currencies.languages_currency (id, currency_id, language_id, percentage) VALUES (82, 21, 1, 45.8);
INSERT INTO currencies.languages_currency (id, currency_id, language_id, percentage) VALUES (83, 21, 21, 0.4);
INSERT INTO currencies.languages_currency (id, currency_id, language_id, percentage) VALUES (84, 21, 4, 0.4);
INSERT INTO currencies.languages_currency (id, currency_id, language_id, percentage) VALUES (85, 21, 16, 0.4);
INSERT INTO currencies.languages_currency (id, currency_id, language_id, percentage) VALUES (86, 21, 5, 0.2);
INSERT INTO currencies.languages_currency (id, currency_id, language_id, percentage) VALUES (87, 21, 7, 0.3);
INSERT INTO currencies.languages_currency (id, currency_id, language_id, percentage) VALUES (88, 22, 8, 70.8);
INSERT INTO currencies.languages_currency (id, currency_id, language_id, percentage) VALUES (89, 22, 14, 15.9);
INSERT INTO currencies.languages_currency (id, currency_id, language_id, percentage) VALUES (90, 22, 15, 11.7);
INSERT INTO currencies.languages_currency (id, currency_id, language_id, percentage) VALUES (91, 22, 5, 0.8);
INSERT INTO currencies.languages_currency (id, currency_id, language_id, percentage) VALUES (92, 22, 22, 0.6);
INSERT INTO currencies.languages_currency (id, currency_id, language_id, percentage) VALUES (93, 22, 6, 0.1);
INSERT INTO currencies.languages_currency (id, currency_id, language_id, percentage) VALUES (94, 22, 7, 0.1);
INSERT INTO currencies.languages_currency (id, currency_id, language_id, percentage) VALUES (95, 23, 14, 59.5);
INSERT INTO currencies.languages_currency (id, currency_id, language_id, percentage) VALUES (96, 23, 9, 40);
INSERT INTO currencies.languages_currency (id, currency_id, language_id, percentage) VALUES (97, 23, 6, 0.5);
INSERT INTO currencies.languages_currency (id, currency_id, language_id, percentage) VALUES (98, 24, 15, 50.6);
INSERT INTO currencies.languages_currency (id, currency_id, language_id, percentage) VALUES (99, 24, 14, 47.8);
INSERT INTO currencies.languages_currency (id, currency_id, language_id, percentage) VALUES (100, 24, 7, 1.6);
INSERT INTO currencies.languages_currency (id, currency_id, language_id, percentage) VALUES (101, 26, 1, 81.9);
INSERT INTO currencies.languages_currency (id, currency_id, language_id, percentage) VALUES (102, 26, 3, 11.8);
INSERT INTO currencies.languages_currency (id, currency_id, language_id, percentage) VALUES (103, 26, 2, 2.9);
INSERT INTO currencies.languages_currency (id, currency_id, language_id, percentage) VALUES (104, 26, 13, 2);
INSERT INTO currencies.languages_currency (id, currency_id, language_id, percentage) VALUES (105, 26, 6, 0.5);
INSERT INTO currencies.languages_currency (id, currency_id, language_id, percentage) VALUES (106, 26, 5, 0.4);
INSERT INTO currencies.languages_currency (id, currency_id, language_id, percentage) VALUES (107, 26, 7, 0.5);
INSERT INTO currencies.languages_currency (id, currency_id, language_id, percentage) VALUES (108, 28, 8, 91.3);
INSERT INTO currencies.languages_currency (id, currency_id, language_id, percentage) VALUES (109, 28, 3, 6.8);
INSERT INTO currencies.languages_currency (id, currency_id, language_id, percentage) VALUES (110, 28, 11, 0.3);
INSERT INTO currencies.languages_currency (id, currency_id, language_id, percentage) VALUES (111, 28, 12, 0.3);
INSERT INTO currencies.languages_currency (id, currency_id, language_id, percentage) VALUES (112, 28, 6, 0.3);
INSERT INTO currencies.languages_currency (id, currency_id, language_id, percentage) VALUES (113, 28, 10, 0.3);
INSERT INTO currencies.languages_currency (id, currency_id, language_id, percentage) VALUES (114, 28, 7, 0.7);
INSERT INTO currencies.languages_currency (id, currency_id, language_id, percentage) VALUES (115, 29, 9, 99.2);
INSERT INTO currencies.languages_currency (id, currency_id, language_id, percentage) VALUES (116, 29, 7, 0.8);
INSERT INTO currencies.languages_currency (id, currency_id, language_id, percentage) VALUES (117, 30, 11, 85.2);
INSERT INTO currencies.languages_currency (id, currency_id, language_id, percentage) VALUES (118, 30, 23, 12);
INSERT INTO currencies.languages_currency (id, currency_id, language_id, percentage) VALUES (119, 30, 24, 1.2);
INSERT INTO currencies.languages_currency (id, currency_id, language_id, percentage) VALUES (120, 30, 14, 1.1);
INSERT INTO currencies.languages_currency (id, currency_id, language_id, percentage) VALUES (121, 30, 25, 0.3);
INSERT INTO currencies.languages_currency (id, currency_id, language_id, percentage) VALUES (122, 30, 5, 0.1);
INSERT INTO currencies.languages_currency (id, currency_id, language_id, percentage) VALUES (123, 30, 7, 0.1);
INSERT INTO currencies.languages_currency (id, currency_id, language_id, percentage) VALUES (124, 31, 16, 89.1);
INSERT INTO currencies.languages_currency (id, currency_id, language_id, percentage) VALUES (125, 31, 2, 3.4);
INSERT INTO currencies.languages_currency (id, currency_id, language_id, percentage) VALUES (126, 31, 26, 2.5);
INSERT INTO currencies.languages_currency (id, currency_id, language_id, percentage) VALUES (127, 31, 5, 2.1);
INSERT INTO currencies.languages_currency (id, currency_id, language_id, percentage) VALUES (128, 31, 27, 1.6);
INSERT INTO currencies.languages_currency (id, currency_id, language_id, percentage) VALUES (129, 31, 15, 0.4);
INSERT INTO currencies.languages_currency (id, currency_id, language_id, percentage) VALUES (130, 31, 7, 0.9);
INSERT INTO currencies.languages_currency (id, currency_id, language_id, percentage) VALUES (131, 32, 8, 98.8);
INSERT INTO currencies.languages_currency (id, currency_id, language_id, percentage) VALUES (132, 32, 5, 0.5);
INSERT INTO currencies.languages_currency (id, currency_id, language_id, percentage) VALUES (133, 32, 14, 0.5);
INSERT INTO currencies.languages_currency (id, currency_id, language_id, percentage) VALUES (134, 32, 6, 0.1);
INSERT INTO currencies.languages_currency (id, currency_id, language_id, percentage) VALUES (135, 32, 18, 0.1);
INSERT INTO currencies.languages_currency (id, currency_id, language_id, percentage) VALUES (136, 32, 24, 0);
INSERT INTO currencies.languages_currency (id, currency_id, language_id, percentage) VALUES (137, 33, 8, 75.4);
INSERT INTO currencies.languages_currency (id, currency_id, language_id, percentage) VALUES (138, 33, 15, 8.5);
INSERT INTO currencies.languages_currency (id, currency_id, language_id, percentage) VALUES (139, 33, 14, 6.7);
INSERT INTO currencies.languages_currency (id, currency_id, language_id, percentage) VALUES (140, 33, 3, 4.6);
INSERT INTO currencies.languages_currency (id, currency_id, language_id, percentage) VALUES (141, 33, 9, 3);
INSERT INTO currencies.languages_currency (id, currency_id, language_id, percentage) VALUES (142, 33, 10, 0.4);
INSERT INTO currencies.languages_currency (id, currency_id, language_id, percentage) VALUES (143, 33, 7, 1.4);
INSERT INTO currencies.languages_currency (id, currency_id, language_id, percentage) VALUES (144, 34, 9, 70.8);
INSERT INTO currencies.languages_currency (id, currency_id, language_id, percentage) VALUES (145, 34, 14, 27.2);
INSERT INTO currencies.languages_currency (id, currency_id, language_id, percentage) VALUES (146, 34, 5, 1.2);
INSERT INTO currencies.languages_currency (id, currency_id, language_id, percentage) VALUES (147, 34, 8, 0.8);
INSERT INTO currencies.languages_currency (id, currency_id, language_id, percentage) VALUES (148, 34, 18, 0);
INSERT INTO currencies.languages_currency (id, currency_id, language_id, percentage) VALUES (149, 34, 24, 0);
INSERT INTO currencies.languages_currency (id, currency_id, language_id, percentage) VALUES (150, 35, 8, 66.1);
INSERT INTO currencies.languages_currency (id, currency_id, language_id, percentage) VALUES (151, 35, 2, 24.5);
INSERT INTO currencies.languages_currency (id, currency_id, language_id, percentage) VALUES (152, 35, 28, 4.1);
INSERT INTO currencies.languages_currency (id, currency_id, language_id, percentage) VALUES (153, 35, 29, 1.6);
INSERT INTO currencies.languages_currency (id, currency_id, language_id, percentage) VALUES (154, 35, 6, 1.5);
INSERT INTO currencies.languages_currency (id, currency_id, language_id, percentage) VALUES (155, 35, 5, 1.2);
INSERT INTO currencies.languages_currency (id, currency_id, language_id, percentage) VALUES (156, 35, 7, 1);
INSERT INTO currencies.languages_currency (id, currency_id, language_id, percentage) VALUES (157, 36, 16, 52.1);
INSERT INTO currencies.languages_currency (id, currency_id, language_id, percentage) VALUES (158, 36, 30, 38.9);
INSERT INTO currencies.languages_currency (id, currency_id, language_id, percentage) VALUES (159, 36, 15, 4.6);
INSERT INTO currencies.languages_currency (id, currency_id, language_id, percentage) VALUES (160, 36, 2, 2.7);
INSERT INTO currencies.languages_currency (id, currency_id, language_id, percentage) VALUES (161, 36, 31, 0.8);
INSERT INTO currencies.languages_currency (id, currency_id, language_id, percentage) VALUES (162, 36, 5, 0.3);
INSERT INTO currencies.languages_currency (id, currency_id, language_id, percentage) VALUES (163, 36, 7, 0.6);
INSERT INTO currencies.languages_currency (id, currency_id, language_id, percentage) VALUES (164, 38, 8, 83.3);
INSERT INTO currencies.languages_currency (id, currency_id, language_id, percentage) VALUES (165, 38, 16, 13.5);
INSERT INTO currencies.languages_currency (id, currency_id, language_id, percentage) VALUES (166, 38, 32, 1.2);
INSERT INTO currencies.languages_currency (id, currency_id, language_id, percentage) VALUES (167, 38, 6, 0.7);
INSERT INTO currencies.languages_currency (id, currency_id, language_id, percentage) VALUES (168, 38, 3, 0.6);
INSERT INTO currencies.languages_currency (id, currency_id, language_id, percentage) VALUES (169, 38, 18, 0.5);
INSERT INTO currencies.languages_currency (id, currency_id, language_id, percentage) VALUES (170, 38, 7, 0.2);
INSERT INTO currencies.languages_currency (id, currency_id, language_id, percentage) VALUES (171, 39, 8, 96);
INSERT INTO currencies.languages_currency (id, currency_id, language_id, percentage) VALUES (172, 39, 10, 1.7);
INSERT INTO currencies.languages_currency (id, currency_id, language_id, percentage) VALUES (173, 39, 14, 1.1);
INSERT INTO currencies.languages_currency (id, currency_id, language_id, percentage) VALUES (174, 39, 9, 0.5);
INSERT INTO currencies.languages_currency (id, currency_id, language_id, percentage) VALUES (175, 39, 3, 0.4);
INSERT INTO currencies.languages_currency (id, currency_id, language_id, percentage) VALUES (176, 39, 24, 0.2);
INSERT INTO currencies.languages_currency (id, currency_id, language_id, percentage) VALUES (177, 39, 7, 0.1);
INSERT INTO currencies.languages_currency (id, currency_id, language_id, percentage) VALUES (178, 40, 16, 86.1);
INSERT INTO currencies.languages_currency (id, currency_id, language_id, percentage) VALUES (179, 40, 2, 10.8);
INSERT INTO currencies.languages_currency (id, currency_id, language_id, percentage) VALUES (180, 40, 15, 1.8);
INSERT INTO currencies.languages_currency (id, currency_id, language_id, percentage) VALUES (181, 40, 24, 0.7);
INSERT INTO currencies.languages_currency (id, currency_id, language_id, percentage) VALUES (182, 40, 33, 0.2);
INSERT INTO currencies.languages_currency (id, currency_id, language_id, percentage) VALUES (183, 40, 5, 0.2);
INSERT INTO currencies.languages_currency (id, currency_id, language_id, percentage) VALUES (184, 40, 7, 0.2);
INSERT INTO currencies.languages_currency (id, currency_id, language_id, percentage) VALUES (185, 41, 8, 46.5);
INSERT INTO currencies.languages_currency (id, currency_id, language_id, percentage) VALUES (186, 41, 15, 31.5);
INSERT INTO currencies.languages_currency (id, currency_id, language_id, percentage) VALUES (187, 41, 14, 19.6);
INSERT INTO currencies.languages_currency (id, currency_id, language_id, percentage) VALUES (188, 41, 10, 1.1);
INSERT INTO currencies.languages_currency (id, currency_id, language_id, percentage) VALUES (189, 41, 5, 0.3);
INSERT INTO currencies.languages_currency (id, currency_id, language_id, percentage) VALUES (190, 41, 2, 0.3);
INSERT INTO currencies.languages_currency (id, currency_id, language_id, percentage) VALUES (191, 41, 7, 0.7);
INSERT INTO currencies.languages_currency (id, currency_id, language_id, percentage) VALUES (192, 42, 14, 99);
INSERT INTO currencies.languages_currency (id, currency_id, language_id, percentage) VALUES (193, 42, 6, 1);
INSERT INTO currencies.languages_currency (id, currency_id, language_id, percentage) VALUES (194, 43, 15, 58.1);
INSERT INTO currencies.languages_currency (id, currency_id, language_id, percentage) VALUES (195, 43, 14, 38.3);
INSERT INTO currencies.languages_currency (id, currency_id, language_id, percentage) VALUES (196, 43, 17, 2.8);
INSERT INTO currencies.languages_currency (id, currency_id, language_id, percentage) VALUES (197, 43, 2, 0.5);
INSERT INTO currencies.languages_currency (id, currency_id, language_id, percentage) VALUES (198, 43, 5, 0.2);
INSERT INTO currencies.languages_currency (id, currency_id, language_id, percentage) VALUES (199, 43, 9, 0.1);
INSERT INTO currencies.languages_currency (id, currency_id, language_id, percentage) VALUES (200, 44, 15, 60);
INSERT INTO currencies.languages_currency (id, currency_id, language_id, percentage) VALUES (201, 44, 14, 39);
INSERT INTO currencies.languages_currency (id, currency_id, language_id, percentage) VALUES (202, 44, 7, 1);
INSERT INTO currencies.languages_currency (id, currency_id, language_id, percentage) VALUES (203, 45, 8, 49.1);
INSERT INTO currencies.languages_currency (id, currency_id, language_id, percentage) VALUES (204, 45, 3, 45.5);
INSERT INTO currencies.languages_currency (id, currency_id, language_id, percentage) VALUES (205, 45, 5, 2.8);
INSERT INTO currencies.languages_currency (id, currency_id, language_id, percentage) VALUES (206, 45, 2, 1.1);
INSERT INTO currencies.languages_currency (id, currency_id, language_id, percentage) VALUES (207, 45, 10, 0.5);
INSERT INTO currencies.languages_currency (id, currency_id, language_id, percentage) VALUES (208, 45, 4, 0.3);
INSERT INTO currencies.languages_currency (id, currency_id, language_id, percentage) VALUES (209, 45, 7, 0.7);
INSERT INTO currencies.languages_currency (id, currency_id, language_id, percentage) VALUES (210, 46, 8, 87);
INSERT INTO currencies.languages_currency (id, currency_id, language_id, percentage) VALUES (211, 46, 3, 6);
INSERT INTO currencies.languages_currency (id, currency_id, language_id, percentage) VALUES (212, 46, 9, 3.9);
INSERT INTO currencies.languages_currency (id, currency_id, language_id, percentage) VALUES (213, 46, 14, 1);
INSERT INTO currencies.languages_currency (id, currency_id, language_id, percentage) VALUES (214, 46, 10, 0.7);
INSERT INTO currencies.languages_currency (id, currency_id, language_id, percentage) VALUES (215, 46, 5, 0.3);
INSERT INTO currencies.languages_currency (id, currency_id, language_id, percentage) VALUES (216, 46, 7, 1.1);
INSERT INTO currencies.languages_currency (id, currency_id, language_id, percentage) VALUES (217, 51, 16, 90.3);
INSERT INTO currencies.languages_currency (id, currency_id, language_id, percentage) VALUES (218, 51, 15, 7.3);
INSERT INTO currencies.languages_currency (id, currency_id, language_id, percentage) VALUES (219, 51, 34, 1.8);
INSERT INTO currencies.languages_currency (id, currency_id, language_id, percentage) VALUES (220, 51, 5, 0.6);
INSERT INTO currencies.languages_currency (id, currency_id, language_id, percentage) VALUES (221, 51, 18, 0);
INSERT INTO currencies.languages_currency (id, currency_id, language_id, percentage) VALUES (222, 51, 35, 0);
INSERT INTO currencies.languages_currency (id, currency_id, language_id, percentage) VALUES (223, 52, 8, 99.6);
INSERT INTO currencies.languages_currency (id, currency_id, language_id, percentage) VALUES (224, 52, 7, 0.4);
INSERT INTO currencies.languages_currency (id, currency_id, language_id, percentage) VALUES (225, 53, 1, 56.5);
INSERT INTO currencies.languages_currency (id, currency_id, language_id, percentage) VALUES (226, 53, 32, 35.8);
INSERT INTO currencies.languages_currency (id, currency_id, language_id, percentage) VALUES (227, 53, 2, 5.9);
INSERT INTO currencies.languages_currency (id, currency_id, language_id, percentage) VALUES (228, 53, 13, 0.9);
INSERT INTO currencies.languages_currency (id, currency_id, language_id, percentage) VALUES (229, 53, 24, 0.4);
INSERT INTO currencies.languages_currency (id, currency_id, language_id, percentage) VALUES (230, 53, 3, 0.3);
INSERT INTO currencies.languages_currency (id, currency_id, language_id, percentage) VALUES (231, 53, 7, 0.2);
INSERT INTO currencies.languages_currency (id, currency_id, language_id, percentage) VALUES (232, 54, 8, 61.4);
INSERT INTO currencies.languages_currency (id, currency_id, language_id, percentage) VALUES (233, 54, 3, 34.8);
INSERT INTO currencies.languages_currency (id, currency_id, language_id, percentage) VALUES (234, 54, 10, 1);
INSERT INTO currencies.languages_currency (id, currency_id, language_id, percentage) VALUES (235, 54, 1, 0.7);
INSERT INTO currencies.languages_currency (id, currency_id, language_id, percentage) VALUES (236, 54, 11, 0.6);
INSERT INTO currencies.languages_currency (id, currency_id, language_id, percentage) VALUES (237, 54, 12, 0.6);
INSERT INTO currencies.languages_currency (id, currency_id, language_id, percentage) VALUES (238, 54, 7, 0.9);
INSERT INTO currencies.languages_currency (id, currency_id, language_id, percentage) VALUES (239, 56, 36, 60.1);
INSERT INTO currencies.languages_currency (id, currency_id, language_id, percentage) VALUES (240, 56, 15, 32.8);
INSERT INTO currencies.languages_currency (id, currency_id, language_id, percentage) VALUES (241, 56, 9, 5.4);
INSERT INTO currencies.languages_currency (id, currency_id, language_id, percentage) VALUES (242, 56, 37, 1.7);
INSERT INTO currencies.languages_currency (id, currency_id, language_id, percentage) VALUES (243, 57, 8, 98.9);
INSERT INTO currencies.languages_currency (id, currency_id, language_id, percentage) VALUES (244, 57, 7, 1.1);
INSERT INTO currencies.languages_currency (id, currency_id, language_id, percentage) VALUES (245, 58, 1, 48.8);
INSERT INTO currencies.languages_currency (id, currency_id, language_id, percentage) VALUES (246, 58, 3, 32.1);
INSERT INTO currencies.languages_currency (id, currency_id, language_id, percentage) VALUES (247, 58, 2, 16.2);
INSERT INTO currencies.languages_currency (id, currency_id, language_id, percentage) VALUES (248, 58, 4, 1);
INSERT INTO currencies.languages_currency (id, currency_id, language_id, percentage) VALUES (249, 58, 13, 0.6);
INSERT INTO currencies.languages_currency (id, currency_id, language_id, percentage) VALUES (250, 58, 6, 0.5);
INSERT INTO currencies.languages_currency (id, currency_id, language_id, percentage) VALUES (251, 58, 7, 0.8);
INSERT INTO currencies.languages_currency (id, currency_id, language_id, percentage) VALUES (252, 59, 14, 87.9);
INSERT INTO currencies.languages_currency (id, currency_id, language_id, percentage) VALUES (253, 59, 5, 12.1);
INSERT INTO currencies.languages_currency (id, currency_id, language_id, percentage) VALUES (254, 63, 14, 63.8);
INSERT INTO currencies.languages_currency (id, currency_id, language_id, percentage) VALUES (255, 63, 9, 35.9);
INSERT INTO currencies.languages_currency (id, currency_id, language_id, percentage) VALUES (256, 63, 6, 0.3);
INSERT INTO currencies.languages_currency (id, currency_id, language_id, percentage) VALUES (257, 64, 38, 100);
INSERT INTO currencies.languages_currency (id, currency_id, language_id, percentage) VALUES (258, 65, 8, 55.1);
INSERT INTO currencies.languages_currency (id, currency_id, language_id, percentage) VALUES (259, 65, 2, 25.5);
INSERT INTO currencies.languages_currency (id, currency_id, language_id, percentage) VALUES (260, 65, 31, 8.6);
INSERT INTO currencies.languages_currency (id, currency_id, language_id, percentage) VALUES (261, 65, 6, 8.3);
INSERT INTO currencies.languages_currency (id, currency_id, language_id, percentage) VALUES (262, 65, 5, 2.4);
INSERT INTO currencies.languages_currency (id, currency_id, language_id, percentage) VALUES (263, 65, 18, 0.1);
INSERT INTO currencies.languages_currency (id, currency_id, language_id, percentage) VALUES (264, 66, 8, 99);
INSERT INTO currencies.languages_currency (id, currency_id, language_id, percentage) VALUES (265, 66, 6, 0.6);
INSERT INTO currencies.languages_currency (id, currency_id, language_id, percentage) VALUES (266, 66, 5, 0.2);
INSERT INTO currencies.languages_currency (id, currency_id, language_id, percentage) VALUES (267, 66, 15, 0.1);
INSERT INTO currencies.languages_currency (id, currency_id, language_id, percentage) VALUES (268, 66, 24, 0.1);
INSERT INTO currencies.languages_currency (id, currency_id, language_id, percentage) VALUES (269, 66, 14, 0);
INSERT INTO currencies.languages_currency (id, currency_id, language_id, percentage) VALUES (270, 67, 9, 52.6);
INSERT INTO currencies.languages_currency (id, currency_id, language_id, percentage) VALUES (271, 67, 14, 47);
INSERT INTO currencies.languages_currency (id, currency_id, language_id, percentage) VALUES (272, 67, 6, 0.4);
INSERT INTO currencies.languages_currency (id, currency_id, language_id, percentage) VALUES (273, 69, 1, 37.1);
INSERT INTO currencies.languages_currency (id, currency_id, language_id, percentage) VALUES (274, 69, 2, 28);
INSERT INTO currencies.languages_currency (id, currency_id, language_id, percentage) VALUES (275, 69, 9, 24);
INSERT INTO currencies.languages_currency (id, currency_id, language_id, percentage) VALUES (276, 69, 3, 4.4);
INSERT INTO currencies.languages_currency (id, currency_id, language_id, percentage) VALUES (277, 69, 16, 1.9);
INSERT INTO currencies.languages_currency (id, currency_id, language_id, percentage) VALUES (278, 69, 5, 1);
INSERT INTO currencies.languages_currency (id, currency_id, language_id, percentage) VALUES (279, 69, 7, 3.6);
INSERT INTO currencies.languages_currency (id, currency_id, language_id, percentage) VALUES (280, 70, 8, 98.7);
INSERT INTO currencies.languages_currency (id, currency_id, language_id, percentage) VALUES (281, 70, 3, 0.5);
INSERT INTO currencies.languages_currency (id, currency_id, language_id, percentage) VALUES (282, 70, 6, 0.4);
INSERT INTO currencies.languages_currency (id, currency_id, language_id, percentage) VALUES (283, 70, 10, 0.2);
INSERT INTO currencies.languages_currency (id, currency_id, language_id, percentage) VALUES (284, 70, 39, 0.1);
INSERT INTO currencies.languages_currency (id, currency_id, language_id, percentage) VALUES (285, 70, 5, 0.1);
INSERT INTO currencies.languages_currency (id, currency_id, language_id, percentage) VALUES (286, 71, 9, 51.5);
INSERT INTO currencies.languages_currency (id, currency_id, language_id, percentage) VALUES (287, 71, 14, 48.5);
INSERT INTO currencies.languages_currency (id, currency_id, language_id, percentage) VALUES (288, 74, 8, 85.2);
INSERT INTO currencies.languages_currency (id, currency_id, language_id, percentage) VALUES (289, 74, 14, 5.6);
INSERT INTO currencies.languages_currency (id, currency_id, language_id, percentage) VALUES (290, 74, 3, 4.1);
INSERT INTO currencies.languages_currency (id, currency_id, language_id, percentage) VALUES (291, 74, 9, 2.7);
INSERT INTO currencies.languages_currency (id, currency_id, language_id, percentage) VALUES (292, 74, 5, 1);
INSERT INTO currencies.languages_currency (id, currency_id, language_id, percentage) VALUES (293, 74, 10, 0.7);
INSERT INTO currencies.languages_currency (id, currency_id, language_id, percentage) VALUES (294, 74, 7, 0.7);
INSERT INTO currencies.languages_currency (id, currency_id, language_id, percentage) VALUES (295, 76, 14, 52.4);
INSERT INTO currencies.languages_currency (id, currency_id, language_id, percentage) VALUES (296, 76, 9, 41.6);
INSERT INTO currencies.languages_currency (id, currency_id, language_id, percentage) VALUES (297, 76, 40, 3.2);
INSERT INTO currencies.languages_currency (id, currency_id, language_id, percentage) VALUES (298, 76, 15, 2.8);
INSERT INTO currencies.languages_currency (id, currency_id, language_id, percentage) VALUES (299, 77, 8, 74.5);
INSERT INTO currencies.languages_currency (id, currency_id, language_id, percentage) VALUES (300, 77, 15, 12.9);
INSERT INTO currencies.languages_currency (id, currency_id, language_id, percentage) VALUES (301, 77, 16, 7.3);
INSERT INTO currencies.languages_currency (id, currency_id, language_id, percentage) VALUES (302, 77, 41, 2.1);
INSERT INTO currencies.languages_currency (id, currency_id, language_id, percentage) VALUES (303, 77, 9, 1.1);
INSERT INTO currencies.languages_currency (id, currency_id, language_id, percentage) VALUES (304, 77, 42, 1);
INSERT INTO currencies.languages_currency (id, currency_id, language_id, percentage) VALUES (305, 77, 7, 1.1);
INSERT INTO currencies.languages_currency (id, currency_id, language_id, percentage) VALUES (306, 78, 1, 60.8);
INSERT INTO currencies.languages_currency (id, currency_id, language_id, percentage) VALUES (307, 78, 2, 19.5);
INSERT INTO currencies.languages_currency (id, currency_id, language_id, percentage) VALUES (308, 78, 3, 10.8);
INSERT INTO currencies.languages_currency (id, currency_id, language_id, percentage) VALUES (309, 78, 16, 4.1);
INSERT INTO currencies.languages_currency (id, currency_id, language_id, percentage) VALUES (310, 78, 5, 1.6);
INSERT INTO currencies.languages_currency (id, currency_id, language_id, percentage) VALUES (311, 78, 4, 1.4);
INSERT INTO currencies.languages_currency (id, currency_id, language_id, percentage) VALUES (312, 78, 7, 1.8);
INSERT INTO currencies.languages_currency (id, currency_id, language_id, percentage) VALUES (313, 79, 16, 90.7);
INSERT INTO currencies.languages_currency (id, currency_id, language_id, percentage) VALUES (314, 79, 5, 6.1);
INSERT INTO currencies.languages_currency (id, currency_id, language_id, percentage) VALUES (315, 79, 15, 2.5);
INSERT INTO currencies.languages_currency (id, currency_id, language_id, percentage) VALUES (316, 79, 7, 0.7);
INSERT INTO currencies.languages_currency (id, currency_id, language_id, percentage) VALUES (317, 80, 16, 67.8);
INSERT INTO currencies.languages_currency (id, currency_id, language_id, percentage) VALUES (318, 80, 30, 19.5);
INSERT INTO currencies.languages_currency (id, currency_id, language_id, percentage) VALUES (319, 80, 15, 9.4);
INSERT INTO currencies.languages_currency (id, currency_id, language_id, percentage) VALUES (320, 80, 43, 0.9);
INSERT INTO currencies.languages_currency (id, currency_id, language_id, percentage) VALUES (321, 80, 44, 0.9);
INSERT INTO currencies.languages_currency (id, currency_id, language_id, percentage) VALUES (322, 80, 2, 0.6);
INSERT INTO currencies.languages_currency (id, currency_id, language_id, percentage) VALUES (323, 80, 7, 0.9);
INSERT INTO currencies.languages_currency (id, currency_id, language_id, percentage) VALUES (324, 82, 1, 78.3);
INSERT INTO currencies.languages_currency (id, currency_id, language_id, percentage) VALUES (325, 82, 3, 17);
INSERT INTO currencies.languages_currency (id, currency_id, language_id, percentage) VALUES (326, 82, 2, 4);
INSERT INTO currencies.languages_currency (id, currency_id, language_id, percentage) VALUES (327, 82, 6, 0.7);
INSERT INTO currencies.languages_currency (id, currency_id, language_id, percentage) VALUES (328, 83, 2, 52);
INSERT INTO currencies.languages_currency (id, currency_id, language_id, percentage) VALUES (329, 83, 40, 47.9);
INSERT INTO currencies.languages_currency (id, currency_id, language_id, percentage) VALUES (330, 83, 5, 0.1);
INSERT INTO currencies.languages_currency (id, currency_id, language_id, percentage) VALUES (331, 84, 16, 89.1);
INSERT INTO currencies.languages_currency (id, currency_id, language_id, percentage) VALUES (332, 84, 2, 8.4);
INSERT INTO currencies.languages_currency (id, currency_id, language_id, percentage) VALUES (333, 84, 1, 1.6);
INSERT INTO currencies.languages_currency (id, currency_id, language_id, percentage) VALUES (334, 84, 14, 0.8);
INSERT INTO currencies.languages_currency (id, currency_id, language_id, percentage) VALUES (335, 84, 5, 0.1);
INSERT INTO currencies.languages_currency (id, currency_id, language_id, percentage) VALUES (336, 84, 13, 0);
INSERT INTO currencies.languages_currency (id, currency_id, language_id, percentage) VALUES (337, 85, 45, 86.2);
INSERT INTO currencies.languages_currency (id, currency_id, language_id, percentage) VALUES (338, 85, 8, 3.2);
INSERT INTO currencies.languages_currency (id, currency_id, language_id, percentage) VALUES (339, 85, 46, 3);
INSERT INTO currencies.languages_currency (id, currency_id, language_id, percentage) VALUES (340, 85, 16, 1.6);
INSERT INTO currencies.languages_currency (id, currency_id, language_id, percentage) VALUES (341, 85, 5, 1.6);
INSERT INTO currencies.languages_currency (id, currency_id, language_id, percentage) VALUES (342, 85, 47, 0.9);
INSERT INTO currencies.languages_currency (id, currency_id, language_id, percentage) VALUES (343, 85, 7, 3.5);
INSERT INTO currencies.languages_currency (id, currency_id, language_id, percentage) VALUES (344, 86, 3, 50.5);
INSERT INTO currencies.languages_currency (id, currency_id, language_id, percentage) VALUES (345, 86, 8, 30.8);
INSERT INTO currencies.languages_currency (id, currency_id, language_id, percentage) VALUES (346, 86, 1, 8);
INSERT INTO currencies.languages_currency (id, currency_id, language_id, percentage) VALUES (347, 86, 11, 2.7);
INSERT INTO currencies.languages_currency (id, currency_id, language_id, percentage) VALUES (348, 86, 2, 2.7);
INSERT INTO currencies.languages_currency (id, currency_id, language_id, percentage) VALUES (349, 86, 10, 2.5);
INSERT INTO currencies.languages_currency (id, currency_id, language_id, percentage) VALUES (350, 86, 7, 2.8);
INSERT INTO currencies.languages_currency (id, currency_id, language_id, percentage) VALUES (351, 87, 9, 93.2);
INSERT INTO currencies.languages_currency (id, currency_id, language_id, percentage) VALUES (352, 87, 8, 4.7);
INSERT INTO currencies.languages_currency (id, currency_id, language_id, percentage) VALUES (353, 87, 5, 1);
INSERT INTO currencies.languages_currency (id, currency_id, language_id, percentage) VALUES (354, 87, 16, 0.5);
INSERT INTO currencies.languages_currency (id, currency_id, language_id, percentage) VALUES (355, 87, 6, 0.4);
INSERT INTO currencies.languages_currency (id, currency_id, language_id, percentage) VALUES (356, 87, 18, 0.1);
INSERT INTO currencies.languages_currency (id, currency_id, language_id, percentage) VALUES (357, 87, 24, 0.1);
INSERT INTO currencies.languages_currency (id, currency_id, language_id, percentage) VALUES (358, 88, 1, 59.9);
INSERT INTO currencies.languages_currency (id, currency_id, language_id, percentage) VALUES (359, 88, 3, 18.1);
INSERT INTO currencies.languages_currency (id, currency_id, language_id, percentage) VALUES (360, 88, 48, 8.4);
INSERT INTO currencies.languages_currency (id, currency_id, language_id, percentage) VALUES (361, 88, 25, 5.8);
INSERT INTO currencies.languages_currency (id, currency_id, language_id, percentage) VALUES (362, 88, 16, 3.2);
INSERT INTO currencies.languages_currency (id, currency_id, language_id, percentage) VALUES (363, 88, 24, 1.3);
INSERT INTO currencies.languages_currency (id, currency_id, language_id, percentage) VALUES (364, 88, 7, 3.3);
INSERT INTO currencies.languages_currency (id, currency_id, language_id, percentage) VALUES (365, 91, 15, 39.4);
INSERT INTO currencies.languages_currency (id, currency_id, language_id, percentage) VALUES (366, 91, 14, 33.4);
INSERT INTO currencies.languages_currency (id, currency_id, language_id, percentage) VALUES (367, 91, 9, 25.9);
INSERT INTO currencies.languages_currency (id, currency_id, language_id, percentage) VALUES (368, 91, 49, 0.5);
INSERT INTO currencies.languages_currency (id, currency_id, language_id, percentage) VALUES (369, 91, 5, 0.5);
INSERT INTO currencies.languages_currency (id, currency_id, language_id, percentage) VALUES (370, 91, 6, 0.3);
INSERT INTO currencies.languages_currency (id, currency_id, language_id, percentage) VALUES (371, 92, 9, 63.2);
INSERT INTO currencies.languages_currency (id, currency_id, language_id, percentage) VALUES (372, 92, 14, 32.6);
INSERT INTO currencies.languages_currency (id, currency_id, language_id, percentage) VALUES (373, 92, 5, 4.2);
INSERT INTO currencies.languages_currency (id, currency_id, language_id, percentage) VALUES (374, 97, 14, 100);
INSERT INTO currencies.languages_currency (id, currency_id, language_id, percentage) VALUES (375, 98, 8, 99);
INSERT INTO currencies.languages_currency (id, currency_id, language_id, percentage) VALUES (376, 98, 7, 1);
INSERT INTO currencies.languages_currency (id, currency_id, language_id, percentage) VALUES (377, 99, 16, 97.3);
INSERT INTO currencies.languages_currency (id, currency_id, language_id, percentage) VALUES (378, 99, 14, 1);
INSERT INTO currencies.languages_currency (id, currency_id, language_id, percentage) VALUES (379, 99, 9, 0.9);
INSERT INTO currencies.languages_currency (id, currency_id, language_id, percentage) VALUES (380, 99, 5, 0.4);
INSERT INTO currencies.languages_currency (id, currency_id, language_id, percentage) VALUES (381, 99, 19, 0.3);
INSERT INTO currencies.languages_currency (id, currency_id, language_id, percentage) VALUES (382, 99, 15, 0.1);
INSERT INTO currencies.languages_currency (id, currency_id, language_id, percentage) VALUES (383, 100, 1, 53.3);
INSERT INTO currencies.languages_currency (id, currency_id, language_id, percentage) VALUES (384, 100, 3, 24.6);
INSERT INTO currencies.languages_currency (id, currency_id, language_id, percentage) VALUES (385, 100, 2, 8.3);
INSERT INTO currencies.languages_currency (id, currency_id, language_id, percentage) VALUES (386, 100, 10, 3.7);
INSERT INTO currencies.languages_currency (id, currency_id, language_id, percentage) VALUES (387, 100, 9, 3);
INSERT INTO currencies.languages_currency (id, currency_id, language_id, percentage) VALUES (388, 100, 24, 2.4);
INSERT INTO currencies.languages_currency (id, currency_id, language_id, percentage) VALUES (389, 100, 7, 4.7);
INSERT INTO currencies.languages_currency (id, currency_id, language_id, percentage) VALUES (390, 102, 15, 99.8);
INSERT INTO currencies.languages_currency (id, currency_id, language_id, percentage) VALUES (391, 102, 7, 0.2);
INSERT INTO currencies.languages_currency (id, currency_id, language_id, percentage) VALUES (392, 104, 3, 78.7);
INSERT INTO currencies.languages_currency (id, currency_id, language_id, percentage) VALUES (393, 104, 50, 20.4);
INSERT INTO currencies.languages_currency (id, currency_id, language_id, percentage) VALUES (394, 104, 1, 0.3);
INSERT INTO currencies.languages_currency (id, currency_id, language_id, percentage) VALUES (395, 104, 28, 0.3);
INSERT INTO currencies.languages_currency (id, currency_id, language_id, percentage) VALUES (396, 104, 5, 0.1);
INSERT INTO currencies.languages_currency (id, currency_id, language_id, percentage) VALUES (397, 104, 6, 0.1);
INSERT INTO currencies.languages_currency (id, currency_id, language_id, percentage) VALUES (398, 104, 24, 0.1);
INSERT INTO currencies.languages_currency (id, currency_id, language_id, percentage) VALUES (399, 105, 1, 82.2);
INSERT INTO currencies.languages_currency (id, currency_id, language_id, percentage) VALUES (400, 105, 15, 4.9);
INSERT INTO currencies.languages_currency (id, currency_id, language_id, percentage) VALUES (401, 105, 2, 4.7);
INSERT INTO currencies.languages_currency (id, currency_id, language_id, percentage) VALUES (402, 105, 16, 2.5);
INSERT INTO currencies.languages_currency (id, currency_id, language_id, percentage) VALUES (403, 105, 13, 1.9);
INSERT INTO currencies.languages_currency (id, currency_id, language_id, percentage) VALUES (404, 105, 5, 1.6);
INSERT INTO currencies.languages_currency (id, currency_id, language_id, percentage) VALUES (405, 105, 7, 2.2);
INSERT INTO currencies.languages_currency (id, currency_id, language_id, percentage) VALUES (406, 106, 8, 84.6);
INSERT INTO currencies.languages_currency (id, currency_id, language_id, percentage) VALUES (407, 106, 16, 14.5);
INSERT INTO currencies.languages_currency (id, currency_id, language_id, percentage) VALUES (408, 106, 5, 0.4);
INSERT INTO currencies.languages_currency (id, currency_id, language_id, percentage) VALUES (409, 106, 6, 0.4);
INSERT INTO currencies.languages_currency (id, currency_id, language_id, percentage) VALUES (410, 106, 18, 0.1);
INSERT INTO currencies.languages_currency (id, currency_id, language_id, percentage) VALUES (411, 106, 2, 0);
INSERT INTO currencies.languages_currency (id, currency_id, language_id, percentage) VALUES (412, 107, 15, 96.2);
INSERT INTO currencies.languages_currency (id, currency_id, language_id, percentage) VALUES (413, 107, 14, 3.7);
INSERT INTO currencies.languages_currency (id, currency_id, language_id, percentage) VALUES (414, 107, 9, 0.1);
INSERT INTO currencies.languages_currency (id, currency_id, language_id, percentage) VALUES (415, 108, 9, 97.3);
INSERT INTO currencies.languages_currency (id, currency_id, language_id, percentage) VALUES (416, 108, 5, 2.3);
INSERT INTO currencies.languages_currency (id, currency_id, language_id, percentage) VALUES (417, 108, 7, 0.4);
INSERT INTO currencies.languages_currency (id, currency_id, language_id, percentage) VALUES (418, 109, 15, 82.5);
INSERT INTO currencies.languages_currency (id, currency_id, language_id, percentage) VALUES (419, 109, 9, 12.1);
INSERT INTO currencies.languages_currency (id, currency_id, language_id, percentage) VALUES (420, 109, 37, 3.9);
INSERT INTO currencies.languages_currency (id, currency_id, language_id, percentage) VALUES (421, 109, 24, 1.5);
INSERT INTO currencies.languages_currency (id, currency_id, language_id, percentage) VALUES (422, 110, 14, 86.8);
INSERT INTO currencies.languages_currency (id, currency_id, language_id, percentage) VALUES (423, 110, 9, 13.2);
INSERT INTO currencies.languages_currency (id, currency_id, language_id, percentage) VALUES (424, 111, 15, 59);
INSERT INTO currencies.languages_currency (id, currency_id, language_id, percentage) VALUES (425, 111, 9, 28.4);
INSERT INTO currencies.languages_currency (id, currency_id, language_id, percentage) VALUES (426, 111, 8, 11.5);
INSERT INTO currencies.languages_currency (id, currency_id, language_id, percentage) VALUES (427, 111, 5, 0.6);
INSERT INTO currencies.languages_currency (id, currency_id, language_id, percentage) VALUES (428, 111, 2, 0.3);
INSERT INTO currencies.languages_currency (id, currency_id, language_id, percentage) VALUES (429, 111, 16, 0.2);
INSERT INTO currencies.languages_currency (id, currency_id, language_id, percentage) VALUES (430, 112, 2, 99.2);
INSERT INTO currencies.languages_currency (id, currency_id, language_id, percentage) VALUES (431, 112, 7, 0.8);
INSERT INTO currencies.languages_currency (id, currency_id, language_id, percentage) VALUES (432, 113, 14, 50.6);
INSERT INTO currencies.languages_currency (id, currency_id, language_id, percentage) VALUES (433, 113, 15, 32.9);
INSERT INTO currencies.languages_currency (id, currency_id, language_id, percentage) VALUES (434, 113, 1, 8.8);
INSERT INTO currencies.languages_currency (id, currency_id, language_id, percentage) VALUES (435, 113, 9, 3.7);
INSERT INTO currencies.languages_currency (id, currency_id, language_id, percentage) VALUES (436, 113, 2, 1.4);
INSERT INTO currencies.languages_currency (id, currency_id, language_id, percentage) VALUES (437, 113, 51, 1.4);
INSERT INTO currencies.languages_currency (id, currency_id, language_id, percentage) VALUES (438, 113, 7, 1.2);
INSERT INTO currencies.languages_currency (id, currency_id, language_id, percentage) VALUES (439, 114, 14, 62.2);
INSERT INTO currencies.languages_currency (id, currency_id, language_id, percentage) VALUES (440, 114, 9, 37.8);
INSERT INTO currencies.languages_currency (id, currency_id, language_id, percentage) VALUES (441, 115, 15, 58.6);
INSERT INTO currencies.languages_currency (id, currency_id, language_id, percentage) VALUES (442, 115, 16, 38.7);
INSERT INTO currencies.languages_currency (id, currency_id, language_id, percentage) VALUES (443, 115, 5, 2);
INSERT INTO currencies.languages_currency (id, currency_id, language_id, percentage) VALUES (444, 115, 7, 0.7);
INSERT INTO currencies.languages_currency (id, currency_id, language_id, percentage) VALUES (445, 116, 1, 72);
INSERT INTO currencies.languages_currency (id, currency_id, language_id, percentage) VALUES (446, 116, 2, 15.7);
INSERT INTO currencies.languages_currency (id, currency_id, language_id, percentage) VALUES (447, 116, 3, 5.7);
INSERT INTO currencies.languages_currency (id, currency_id, language_id, percentage) VALUES (448, 116, 5, 2.8);
INSERT INTO currencies.languages_currency (id, currency_id, language_id, percentage) VALUES (449, 116, 4, 1.1);
INSERT INTO currencies.languages_currency (id, currency_id, language_id, percentage) VALUES (450, 116, 6, 0.8);
INSERT INTO currencies.languages_currency (id, currency_id, language_id, percentage) VALUES (451, 116, 7, 1.9);
INSERT INTO currencies.languages_currency (id, currency_id, language_id, percentage) VALUES (452, 117, 9, 79.1);
INSERT INTO currencies.languages_currency (id, currency_id, language_id, percentage) VALUES (453, 117, 14, 20.9);
INSERT INTO currencies.languages_currency (id, currency_id, language_id, percentage) VALUES (454, 118, 11, 89.9);
INSERT INTO currencies.languages_currency (id, currency_id, language_id, percentage) VALUES (455, 118, 24, 9.2);
INSERT INTO currencies.languages_currency (id, currency_id, language_id, percentage) VALUES (456, 118, 52, 0.4);
INSERT INTO currencies.languages_currency (id, currency_id, language_id, percentage) VALUES (457, 118, 53, 0.3);
INSERT INTO currencies.languages_currency (id, currency_id, language_id, percentage) VALUES (458, 118, 37, 0.1);
INSERT INTO currencies.languages_currency (id, currency_id, language_id, percentage) VALUES (459, 118, 2, 0.1);
INSERT INTO currencies.languages_currency (id, currency_id, language_id, percentage) VALUES (460, 119, 1, 68.9);
INSERT INTO currencies.languages_currency (id, currency_id, language_id, percentage) VALUES (461, 119, 2, 16.6);
INSERT INTO currencies.languages_currency (id, currency_id, language_id, percentage) VALUES (462, 119, 3, 8.9);
INSERT INTO currencies.languages_currency (id, currency_id, language_id, percentage) VALUES (463, 119, 4, 2.2);
INSERT INTO currencies.languages_currency (id, currency_id, language_id, percentage) VALUES (464, 119, 6, 1.3);
INSERT INTO currencies.languages_currency (id, currency_id, language_id, percentage) VALUES (465, 119, 5, 0.9);
INSERT INTO currencies.languages_currency (id, currency_id, language_id, percentage) VALUES (466, 119, 7, 1.2);
INSERT INTO currencies.languages_currency (id, currency_id, language_id, percentage) VALUES (467, 120, 8, 97.8);
INSERT INTO currencies.languages_currency (id, currency_id, language_id, percentage) VALUES (468, 120, 9, 1.1);
INSERT INTO currencies.languages_currency (id, currency_id, language_id, percentage) VALUES (469, 120, 7, 1.1);
INSERT INTO currencies.languages_currency (id, currency_id, language_id, percentage) VALUES (470, 121, 9, 59.7);
INSERT INTO currencies.languages_currency (id, currency_id, language_id, percentage) VALUES (471, 121, 14, 40.3);
INSERT INTO currencies.languages_currency (id, currency_id, language_id, percentage) VALUES (472, 122, 15, 95.9);
INSERT INTO currencies.languages_currency (id, currency_id, language_id, percentage) VALUES (473, 122, 9, 3);
INSERT INTO currencies.languages_currency (id, currency_id, language_id, percentage) VALUES (474, 122, 24, 1.1);
INSERT INTO currencies.languages_currency (id, currency_id, language_id, percentage) VALUES (475, 123, 8, 89.2);
INSERT INTO currencies.languages_currency (id, currency_id, language_id, percentage) VALUES (476, 123, 3, 5.2);
INSERT INTO currencies.languages_currency (id, currency_id, language_id, percentage) VALUES (477, 123, 9, 3.4);
INSERT INTO currencies.languages_currency (id, currency_id, language_id, percentage) VALUES (478, 123, 10, 1);
INSERT INTO currencies.languages_currency (id, currency_id, language_id, percentage) VALUES (479, 123, 11, 0.2);
INSERT INTO currencies.languages_currency (id, currency_id, language_id, percentage) VALUES (480, 123, 12, 0.2);
INSERT INTO currencies.languages_currency (id, currency_id, language_id, percentage) VALUES (481, 123, 7, 0.8);
INSERT INTO currencies.languages_currency (id, currency_id, language_id, percentage) VALUES (482, 124, 8, 61.4);
INSERT INTO currencies.languages_currency (id, currency_id, language_id, percentage) VALUES (483, 124, 3, 34.8);
INSERT INTO currencies.languages_currency (id, currency_id, language_id, percentage) VALUES (484, 124, 10, 1);
INSERT INTO currencies.languages_currency (id, currency_id, language_id, percentage) VALUES (485, 124, 1, 0.7);
INSERT INTO currencies.languages_currency (id, currency_id, language_id, percentage) VALUES (486, 124, 11, 0.6);
INSERT INTO currencies.languages_currency (id, currency_id, language_id, percentage) VALUES (487, 124, 12, 0.6);
INSERT INTO currencies.languages_currency (id, currency_id, language_id, percentage) VALUES (488, 124, 7, 0.9);
INSERT INTO currencies.languages_currency (id, currency_id, language_id, percentage) VALUES (489, 125, 8, 99.9);
INSERT INTO currencies.languages_currency (id, currency_id, language_id, percentage) VALUES (490, 125, 7, 0.1);
INSERT INTO currencies.languages_currency (id, currency_id, language_id, percentage) VALUES (491, 126, 38, 91.4);
INSERT INTO currencies.languages_currency (id, currency_id, language_id, percentage) VALUES (492, 126, 9, 4.5);
INSERT INTO currencies.languages_currency (id, currency_id, language_id, percentage) VALUES (493, 126, 54, 1.8);
INSERT INTO currencies.languages_currency (id, currency_id, language_id, percentage) VALUES (494, 126, 24, 0.7);
INSERT INTO currencies.languages_currency (id, currency_id, language_id, percentage) VALUES (495, 126, 2, 0.6);
INSERT INTO currencies.languages_currency (id, currency_id, language_id, percentage) VALUES (496, 126, 55, 0.5);
INSERT INTO currencies.languages_currency (id, currency_id, language_id, percentage) VALUES (497, 126, 7, 0.5);
INSERT INTO currencies.languages_currency (id, currency_id, language_id, percentage) VALUES (498, 127, 3, 46.1);
INSERT INTO currencies.languages_currency (id, currency_id, language_id, percentage) VALUES (499, 127, 1, 41.4);
INSERT INTO currencies.languages_currency (id, currency_id, language_id, percentage) VALUES (500, 127, 2, 9.7);
INSERT INTO currencies.languages_currency (id, currency_id, language_id, percentage) VALUES (501, 127, 4, 1.1);
INSERT INTO currencies.languages_currency (id, currency_id, language_id, percentage) VALUES (502, 127, 6, 0.8);
INSERT INTO currencies.languages_currency (id, currency_id, language_id, percentage) VALUES (503, 127, 5, 0.4);
INSERT INTO currencies.languages_currency (id, currency_id, language_id, percentage) VALUES (504, 127, 7, 0.5);
INSERT INTO currencies.languages_currency (id, currency_id, language_id, percentage) VALUES (505, 128, 8, 91.5);
INSERT INTO currencies.languages_currency (id, currency_id, language_id, percentage) VALUES (506, 128, 16, 5);
INSERT INTO currencies.languages_currency (id, currency_id, language_id, percentage) VALUES (507, 128, 2, 1.7);
INSERT INTO currencies.languages_currency (id, currency_id, language_id, percentage) VALUES (508, 128, 5, 1.4);
INSERT INTO currencies.languages_currency (id, currency_id, language_id, percentage) VALUES (509, 128, 7, 0.4);
INSERT INTO currencies.languages_currency (id, currency_id, language_id, percentage) VALUES (510, 129, 15, 85);
INSERT INTO currencies.languages_currency (id, currency_id, language_id, percentage) VALUES (511, 129, 37, 13.3);
INSERT INTO currencies.languages_currency (id, currency_id, language_id, percentage) VALUES (512, 129, 9, 1.4);
INSERT INTO currencies.languages_currency (id, currency_id, language_id, percentage) VALUES (513, 129, 5, 0.3);
INSERT INTO currencies.languages_currency (id, currency_id, language_id, percentage) VALUES (514, 130, 9, 99.4);
INSERT INTO currencies.languages_currency (id, currency_id, language_id, percentage) VALUES (515, 130, 7, 0.6);
INSERT INTO currencies.languages_currency (id, currency_id, language_id, percentage) VALUES (516, 131, 8, 98.2);
INSERT INTO currencies.languages_currency (id, currency_id, language_id, percentage) VALUES (517, 131, 5, 1.6);
INSERT INTO currencies.languages_currency (id, currency_id, language_id, percentage) VALUES (518, 131, 7, 0.2);
INSERT INTO currencies.languages_currency (id, currency_id, language_id, percentage) VALUES (519, 132, 16, 95.1);
INSERT INTO currencies.languages_currency (id, currency_id, language_id, percentage) VALUES (520, 132, 9, 2.1);
INSERT INTO currencies.languages_currency (id, currency_id, language_id, percentage) VALUES (521, 132, 28, 1);
INSERT INTO currencies.languages_currency (id, currency_id, language_id, percentage) VALUES (522, 132, 15, 0.8);
INSERT INTO currencies.languages_currency (id, currency_id, language_id, percentage) VALUES (523, 132, 5, 0.6);
INSERT INTO currencies.languages_currency (id, currency_id, language_id, percentage) VALUES (524, 132, 6, 0.4);
INSERT INTO currencies.languages_currency (id, currency_id, language_id, percentage) VALUES (525, 136, 38, 99.6);
INSERT INTO currencies.languages_currency (id, currency_id, language_id, percentage) VALUES (526, 136, 7, 0.4);
INSERT INTO currencies.languages_currency (id, currency_id, language_id, percentage) VALUES (527, 137, 8, 71.7);
INSERT INTO currencies.languages_currency (id, currency_id, language_id, percentage) VALUES (528, 137, 5, 15.8);
INSERT INTO currencies.languages_currency (id, currency_id, language_id, percentage) VALUES (529, 137, 6, 7.5);
INSERT INTO currencies.languages_currency (id, currency_id, language_id, percentage) VALUES (530, 137, 2, 3.7);
INSERT INTO currencies.languages_currency (id, currency_id, language_id, percentage) VALUES (531, 137, 18, 1.3);
INSERT INTO currencies.languages_currency (id, currency_id, language_id, percentage) VALUES (532, 139, 56, 99.9);
INSERT INTO currencies.languages_currency (id, currency_id, language_id, percentage) VALUES (533, 139, 7, 0.1);
INSERT INTO currencies.languages_currency (id, currency_id, language_id, percentage) VALUES (534, 144, 14, 90.5);
INSERT INTO currencies.languages_currency (id, currency_id, language_id, percentage) VALUES (535, 144, 15, 8.8);
INSERT INTO currencies.languages_currency (id, currency_id, language_id, percentage) VALUES (536, 144, 7, 0.7);
INSERT INTO currencies.languages_currency (id, currency_id, language_id, percentage) VALUES (537, 145, 9, 62.6);
INSERT INTO currencies.languages_currency (id, currency_id, language_id, percentage) VALUES (538, 145, 14, 32.6);
INSERT INTO currencies.languages_currency (id, currency_id, language_id, percentage) VALUES (539, 145, 15, 4.6);
INSERT INTO currencies.languages_currency (id, currency_id, language_id, percentage) VALUES (540, 145, 7, 0.2);
INSERT INTO currencies.languages_currency (id, currency_id, language_id, percentage) VALUES (541, 146, 8, 51.5);
INSERT INTO currencies.languages_currency (id, currency_id, language_id, percentage) VALUES (542, 146, 11, 39.6);
INSERT INTO currencies.languages_currency (id, currency_id, language_id, percentage) VALUES (543, 146, 2, 7.7);
INSERT INTO currencies.languages_currency (id, currency_id, language_id, percentage) VALUES (544, 146, 5, 0.8);
INSERT INTO currencies.languages_currency (id, currency_id, language_id, percentage) VALUES (545, 146, 18, 0.2);
INSERT INTO currencies.languages_currency (id, currency_id, language_id, percentage) VALUES (546, 146, 6, 0.1);
INSERT INTO currencies.languages_currency (id, currency_id, language_id, percentage) VALUES (547, 146, 3, 0.1);
INSERT INTO currencies.languages_currency (id, currency_id, language_id, percentage) VALUES (548, 148, 8, 91.9);
INSERT INTO currencies.languages_currency (id, currency_id, language_id, percentage) VALUES (549, 148, 10, 8.1);
INSERT INTO currencies.languages_currency (id, currency_id, language_id, percentage) VALUES (550, 150, 15, 86.5);
INSERT INTO currencies.languages_currency (id, currency_id, language_id, percentage) VALUES (551, 150, 9, 12);
INSERT INTO currencies.languages_currency (id, currency_id, language_id, percentage) VALUES (552, 150, 5, 1.4);
INSERT INTO currencies.languages_currency (id, currency_id, language_id, percentage) VALUES (553, 150, 24, 0.1);
INSERT INTO currencies.languages_currency (id, currency_id, language_id, percentage) VALUES (554, 151, 9, 93.2);
INSERT INTO currencies.languages_currency (id, currency_id, language_id, percentage) VALUES (555, 151, 8, 4.7);
INSERT INTO currencies.languages_currency (id, currency_id, language_id, percentage) VALUES (556, 151, 5, 1);
INSERT INTO currencies.languages_currency (id, currency_id, language_id, percentage) VALUES (557, 151, 16, 0.5);
INSERT INTO currencies.languages_currency (id, currency_id, language_id, percentage) VALUES (558, 151, 6, 0.4);
INSERT INTO currencies.languages_currency (id, currency_id, language_id, percentage) VALUES (559, 151, 18, 0.1);
INSERT INTO currencies.languages_currency (id, currency_id, language_id, percentage) VALUES (560, 151, 24, 0.1);
INSERT INTO currencies.languages_currency (id, currency_id, language_id, percentage) VALUES (561, 153, 1, 82.7);
INSERT INTO currencies.languages_currency (id, currency_id, language_id, percentage) VALUES (562, 153, 2, 11.2);
INSERT INTO currencies.languages_currency (id, currency_id, language_id, percentage) VALUES (563, 153, 3, 2.4);
INSERT INTO currencies.languages_currency (id, currency_id, language_id, percentage) VALUES (564, 153, 13, 2.2);
INSERT INTO currencies.languages_currency (id, currency_id, language_id, percentage) VALUES (565, 153, 24, 0.7);
INSERT INTO currencies.languages_currency (id, currency_id, language_id, percentage) VALUES (566, 153, 5, 0.7);
INSERT INTO currencies.languages_currency (id, currency_id, language_id, percentage) VALUES (567, 153, 7, 0.1);
INSERT INTO currencies.languages_currency (id, currency_id, language_id, percentage) VALUES (568, 154, 15, 60.1);
INSERT INTO currencies.languages_currency (id, currency_id, language_id, percentage) VALUES (569, 154, 14, 30.8);
INSERT INTO currencies.languages_currency (id, currency_id, language_id, percentage) VALUES (570, 154, 57, 9.1);
INSERT INTO currencies.languages_currency (id, currency_id, language_id, percentage) VALUES (571, 155, 8, 89.9);
INSERT INTO currencies.languages_currency (id, currency_id, language_id, percentage) VALUES (572, 155, 3, 4.9);
INSERT INTO currencies.languages_currency (id, currency_id, language_id, percentage) VALUES (573, 155, 9, 3.2);
INSERT INTO currencies.languages_currency (id, currency_id, language_id, percentage) VALUES (574, 155, 10, 0.7);
INSERT INTO currencies.languages_currency (id, currency_id, language_id, percentage) VALUES (575, 155, 11, 0.2);
INSERT INTO currencies.languages_currency (id, currency_id, language_id, percentage) VALUES (576, 155, 12, 0.2);
INSERT INTO currencies.languages_currency (id, currency_id, language_id, percentage) VALUES (577, 155, 7, 0.9);
INSERT INTO currencies.languages_currency (id, currency_id, language_id, percentage) VALUES (578, 156, 8, 97.7);
INSERT INTO currencies.languages_currency (id, currency_id, language_id, percentage) VALUES (579, 156, 2, 0.7);
INSERT INTO currencies.languages_currency (id, currency_id, language_id, percentage) VALUES (580, 156, 1, 0.7);
INSERT INTO currencies.languages_currency (id, currency_id, language_id, percentage) VALUES (581, 156, 16, 0.4);
INSERT INTO currencies.languages_currency (id, currency_id, language_id, percentage) VALUES (582, 156, 5, 0.3);
INSERT INTO currencies.languages_currency (id, currency_id, language_id, percentage) VALUES (583, 156, 3, 0.1);
INSERT INTO currencies.languages_currency (id, currency_id, language_id, percentage) VALUES (584, 156, 7, 0.1);
INSERT INTO currencies.languages_currency (id, currency_id, language_id, percentage) VALUES (585, 157, 15, 92.6);
INSERT INTO currencies.languages_currency (id, currency_id, language_id, percentage) VALUES (586, 157, 9, 6.9);
INSERT INTO currencies.languages_currency (id, currency_id, language_id, percentage) VALUES (587, 157, 7, 0.5);
INSERT INTO currencies.languages_currency (id, currency_id, language_id, percentage) VALUES (588, 158, 15, 56.5);
INSERT INTO currencies.languages_currency (id, currency_id, language_id, percentage) VALUES (589, 158, 16, 38.6);
INSERT INTO currencies.languages_currency (id, currency_id, language_id, percentage) VALUES (590, 158, 14, 4.5);
INSERT INTO currencies.languages_currency (id, currency_id, language_id, percentage) VALUES (591, 158, 5, 0.3);
INSERT INTO currencies.languages_currency (id, currency_id, language_id, percentage) VALUES (592, 158, 19, 0.1);
INSERT INTO currencies.languages_currency (id, currency_id, language_id, percentage) VALUES (593, 158, 18, 0);
INSERT INTO currencies.languages_currency (id, currency_id, language_id, percentage) VALUES (594, 160, 8, 98.7);
INSERT INTO currencies.languages_currency (id, currency_id, language_id, percentage) VALUES (595, 160, 7, 1.3);
INSERT INTO currencies.languages_currency (id, currency_id, language_id, percentage) VALUES (596, 161, 9, 57.9);
INSERT INTO currencies.languages_currency (id, currency_id, language_id, percentage) VALUES (597, 161, 14, 22.7);
INSERT INTO currencies.languages_currency (id, currency_id, language_id, percentage) VALUES (598, 161, 37, 12.2);
INSERT INTO currencies.languages_currency (id, currency_id, language_id, percentage) VALUES (599, 161, 24, 7.2);
INSERT INTO currencies.languages_currency (id, currency_id, language_id, percentage) VALUES (600, 162, 8, 98);
INSERT INTO currencies.languages_currency (id, currency_id, language_id, percentage) VALUES (601, 162, 5, 1.3);
INSERT INTO currencies.languages_currency (id, currency_id, language_id, percentage) VALUES (602, 162, 9, 0.5);
INSERT INTO currencies.languages_currency (id, currency_id, language_id, percentage) VALUES (603, 162, 18, 0.1);
INSERT INTO currencies.languages_currency (id, currency_id, language_id, percentage) VALUES (604, 162, 6, 0.1);
INSERT INTO currencies.languages_currency (id, currency_id, language_id, percentage) VALUES (605, 162, 14, 0);
INSERT INTO currencies.languages_currency (id, currency_id, language_id, percentage) VALUES (606, 163, 1, 50.6);
INSERT INTO currencies.languages_currency (id, currency_id, language_id, percentage) VALUES (607, 163, 32, 43.1);
INSERT INTO currencies.languages_currency (id, currency_id, language_id, percentage) VALUES (608, 163, 2, 3.4);
INSERT INTO currencies.languages_currency (id, currency_id, language_id, percentage) VALUES (609, 163, 5, 1.6);
INSERT INTO currencies.languages_currency (id, currency_id, language_id, percentage) VALUES (610, 163, 13, 0.8);
INSERT INTO currencies.languages_currency (id, currency_id, language_id, percentage) VALUES (611, 163, 18, 0.2);
INSERT INTO currencies.languages_currency (id, currency_id, language_id, percentage) VALUES (612, 163, 7, 0.3);
INSERT INTO currencies.languages_currency (id, currency_id, language_id, percentage) VALUES (613, 164, 15, 95.8);
INSERT INTO currencies.languages_currency (id, currency_id, language_id, percentage) VALUES (614, 164, 14, 3.7);
INSERT INTO currencies.languages_currency (id, currency_id, language_id, percentage) VALUES (615, 164, 7, 0.5);
INSERT INTO currencies.languages_currency (id, currency_id, language_id, percentage) VALUES (616, 165, 8, 99);
INSERT INTO currencies.languages_currency (id, currency_id, language_id, percentage) VALUES (617, 165, 7, 1);
INSERT INTO currencies.languages_currency (id, currency_id, language_id, percentage) VALUES (618, 166, 8, 97.2);
INSERT INTO currencies.languages_currency (id, currency_id, language_id, percentage) VALUES (619, 166, 14, 1.7);
INSERT INTO currencies.languages_currency (id, currency_id, language_id, percentage) VALUES (620, 166, 7, 1.1);
INSERT INTO currencies.languages_currency (id, currency_id, language_id, percentage) VALUES (621, 167, 15, 77.8);
INSERT INTO currencies.languages_currency (id, currency_id, language_id, percentage) VALUES (622, 167, 37, 12);
INSERT INTO currencies.languages_currency (id, currency_id, language_id, percentage) VALUES (623, 167, 9, 9.8);
INSERT INTO currencies.languages_currency (id, currency_id, language_id, percentage) VALUES (624, 167, 5, 0.4);
INSERT INTO currencies.languages_currency (id, currency_id, language_id, percentage) VALUES (625, 169, 9, 93.2);
INSERT INTO currencies.languages_currency (id, currency_id, language_id, percentage) VALUES (626, 169, 8, 4.7);
INSERT INTO currencies.languages_currency (id, currency_id, language_id, percentage) VALUES (627, 169, 5, 1);
INSERT INTO currencies.languages_currency (id, currency_id, language_id, percentage) VALUES (628, 169, 16, 0.5);
INSERT INTO currencies.languages_currency (id, currency_id, language_id, percentage) VALUES (629, 169, 6, 0.4);
INSERT INTO currencies.languages_currency (id, currency_id, language_id, percentage) VALUES (630, 169, 18, 0.1);
INSERT INTO currencies.languages_currency (id, currency_id, language_id, percentage) VALUES (631, 169, 24, 0.1);
INSERT INTO currencies.languages_currency (id, currency_id, language_id, percentage) VALUES (632, 170, 27, 95.5);
INSERT INTO currencies.languages_currency (id, currency_id, language_id, percentage) VALUES (633, 170, 58, 3.5);
INSERT INTO currencies.languages_currency (id, currency_id, language_id, percentage) VALUES (634, 170, 3, 0.4);
INSERT INTO currencies.languages_currency (id, currency_id, language_id, percentage) VALUES (635, 170, 18, 0.3);
INSERT INTO currencies.languages_currency (id, currency_id, language_id, percentage) VALUES (636, 170, 2, 0.2);
INSERT INTO currencies.languages_currency (id, currency_id, language_id, percentage) VALUES (637, 170, 28, 0.1);
INSERT INTO currencies.languages_currency (id, currency_id, language_id, percentage) VALUES (638, 173, 16, 98.5);
INSERT INTO currencies.languages_currency (id, currency_id, language_id, percentage) VALUES (639, 173, 5, 0.6);
INSERT INTO currencies.languages_currency (id, currency_id, language_id, percentage) VALUES (640, 173, 2, 0.6);
INSERT INTO currencies.languages_currency (id, currency_id, language_id, percentage) VALUES (641, 173, 6, 0.2);
INSERT INTO currencies.languages_currency (id, currency_id, language_id, percentage) VALUES (642, 173, 59, 0.1);
INSERT INTO currencies.languages_currency (id, currency_id, language_id, percentage) VALUES (643, 173, 3, 0);
INSERT INTO currencies.languages_currency (id, currency_id, language_id, percentage) VALUES (644, 174, 1, 65);
INSERT INTO currencies.languages_currency (id, currency_id, language_id, percentage) VALUES (645, 174, 2, 19.5);
INSERT INTO currencies.languages_currency (id, currency_id, language_id, percentage) VALUES (646, 174, 3, 9.4);
INSERT INTO currencies.languages_currency (id, currency_id, language_id, percentage) VALUES (647, 174, 5, 1.6);
INSERT INTO currencies.languages_currency (id, currency_id, language_id, percentage) VALUES (648, 174, 4, 1.4);
INSERT INTO currencies.languages_currency (id, currency_id, language_id, percentage) VALUES (649, 174, 6, 0.9);
INSERT INTO currencies.languages_currency (id, currency_id, language_id, percentage) VALUES (650, 174, 7, 2.2);
INSERT INTO currencies.languages_currency (id, currency_id, language_id, percentage) VALUES (651, 176, 14, 57.4);
INSERT INTO currencies.languages_currency (id, currency_id, language_id, percentage) VALUES (652, 176, 9, 42.6);
INSERT INTO currencies.languages_currency (id, currency_id, language_id, percentage) VALUES (653, 177, 16, 94.4);
INSERT INTO currencies.languages_currency (id, currency_id, language_id, percentage) VALUES (654, 177, 2, 3);
INSERT INTO currencies.languages_currency (id, currency_id, language_id, percentage) VALUES (655, 177, 5, 1.6);
INSERT INTO currencies.languages_currency (id, currency_id, language_id, percentage) VALUES (656, 177, 60, 0.4);
INSERT INTO currencies.languages_currency (id, currency_id, language_id, percentage) VALUES (657, 177, 24, 0.3);
INSERT INTO currencies.languages_currency (id, currency_id, language_id, percentage) VALUES (658, 177, 11, 0.2);
INSERT INTO currencies.languages_currency (id, currency_id, language_id, percentage) VALUES (659, 177, 7, 0.1);
INSERT INTO currencies.languages_currency (id, currency_id, language_id, percentage) VALUES (660, 178, 15, 66.2);
INSERT INTO currencies.languages_currency (id, currency_id, language_id, percentage) VALUES (661, 178, 14, 33.8);
INSERT INTO currencies.languages_currency (id, currency_id, language_id, percentage) VALUES (662, 180, 2, 50.7);
INSERT INTO currencies.languages_currency (id, currency_id, language_id, percentage) VALUES (663, 180, 15, 49.3);
INSERT INTO currencies.languages_currency (id, currency_id, language_id, percentage) VALUES (664, 181, 9, 59.6);
INSERT INTO currencies.languages_currency (id, currency_id, language_id, percentage) VALUES (665, 181, 36, 26.6);
INSERT INTO currencies.languages_currency (id, currency_id, language_id, percentage) VALUES (666, 181, 33, 13.1);
INSERT INTO currencies.languages_currency (id, currency_id, language_id, percentage) VALUES (667, 181, 7, 0.7);
INSERT INTO currencies.languages_currency (id, currency_id, language_id, percentage) VALUES (668, 183, 1, 67.8);
INSERT INTO currencies.languages_currency (id, currency_id, language_id, percentage) VALUES (669, 183, 2, 20);
INSERT INTO currencies.languages_currency (id, currency_id, language_id, percentage) VALUES (670, 183, 3, 6.6);
INSERT INTO currencies.languages_currency (id, currency_id, language_id, percentage) VALUES (671, 183, 4, 1.5);
INSERT INTO currencies.languages_currency (id, currency_id, language_id, percentage) VALUES (672, 183, 5, 1.4);
INSERT INTO currencies.languages_currency (id, currency_id, language_id, percentage) VALUES (673, 183, 6, 1.2);
INSERT INTO currencies.languages_currency (id, currency_id, language_id, percentage) VALUES (674, 183, 7, 1.5);
INSERT INTO currencies.languages_currency (id, currency_id, language_id, percentage) VALUES (675, 185, 8, 61.5);
INSERT INTO currencies.languages_currency (id, currency_id, language_id, percentage) VALUES (676, 185, 14, 30.8);
INSERT INTO currencies.languages_currency (id, currency_id, language_id, percentage) VALUES (677, 185, 2, 2.6);
INSERT INTO currencies.languages_currency (id, currency_id, language_id, percentage) VALUES (678, 185, 6, 1.4);
INSERT INTO currencies.languages_currency (id, currency_id, language_id, percentage) VALUES (679, 185, 5, 1.4);
INSERT INTO currencies.languages_currency (id, currency_id, language_id, percentage) VALUES (680, 185, 61, 1.3);
INSERT INTO currencies.languages_currency (id, currency_id, language_id, percentage) VALUES (681, 185, 9, 1);
INSERT INTO currencies.languages_currency (id, currency_id, language_id, percentage) VALUES (682, 186, 8, 85.7);
INSERT INTO currencies.languages_currency (id, currency_id, language_id, percentage) VALUES (683, 186, 3, 6.3);
INSERT INTO currencies.languages_currency (id, currency_id, language_id, percentage) VALUES (684, 186, 9, 5.1);
INSERT INTO currencies.languages_currency (id, currency_id, language_id, percentage) VALUES (685, 186, 14, 1);
INSERT INTO currencies.languages_currency (id, currency_id, language_id, percentage) VALUES (686, 186, 10, 0.7);
INSERT INTO currencies.languages_currency (id, currency_id, language_id, percentage) VALUES (687, 186, 11, 0.3);
INSERT INTO currencies.languages_currency (id, currency_id, language_id, percentage) VALUES (688, 186, 7, 0.9);
INSERT INTO currencies.languages_currency (id, currency_id, language_id, percentage) VALUES (689, 187, 16, 93.7);
INSERT INTO currencies.languages_currency (id, currency_id, language_id, percentage) VALUES (690, 187, 14, 3.8);
INSERT INTO currencies.languages_currency (id, currency_id, language_id, percentage) VALUES (691, 187, 15, 2.1);
INSERT INTO currencies.languages_currency (id, currency_id, language_id, percentage) VALUES (692, 187, 7, 0.4);
INSERT INTO currencies.languages_currency (id, currency_id, language_id, percentage) VALUES (693, 189, 15, 94.7);
INSERT INTO currencies.languages_currency (id, currency_id, language_id, percentage) VALUES (694, 189, 9, 4.6);
INSERT INTO currencies.languages_currency (id, currency_id, language_id, percentage) VALUES (695, 189, 7, 0.7);
INSERT INTO currencies.languages_currency (id, currency_id, language_id, percentage) VALUES (696, 190, 1, 54.9);
INSERT INTO currencies.languages_currency (id, currency_id, language_id, percentage) VALUES (697, 190, 3, 42.3);
INSERT INTO currencies.languages_currency (id, currency_id, language_id, percentage) VALUES (698, 190, 13, 1.7);
INSERT INTO currencies.languages_currency (id, currency_id, language_id, percentage) VALUES (699, 190, 5, 0.8);
INSERT INTO currencies.languages_currency (id, currency_id, language_id, percentage) VALUES (700, 190, 2, 0.2);
INSERT INTO currencies.languages_currency (id, currency_id, language_id, percentage) VALUES (701, 190, 59, 0.1);
INSERT INTO currencies.languages_currency (id, currency_id, language_id, percentage) VALUES (702, 191, 8, 72);
INSERT INTO currencies.languages_currency (id, currency_id, language_id, percentage) VALUES (703, 191, 36, 18.7);
INSERT INTO currencies.languages_currency (id, currency_id, language_id, percentage) VALUES (704, 191, 15, 5.6);
INSERT INTO currencies.languages_currency (id, currency_id, language_id, percentage) VALUES (705, 191, 24, 1.4);
INSERT INTO currencies.languages_currency (id, currency_id, language_id, percentage) VALUES (706, 191, 5, 1);
INSERT INTO currencies.languages_currency (id, currency_id, language_id, percentage) VALUES (707, 191, 62, 0.5);
INSERT INTO currencies.languages_currency (id, currency_id, language_id, percentage) VALUES (708, 191, 7, 0.8);
INSERT INTO currencies.languages_currency (id, currency_id, language_id, percentage) VALUES (709, 192, 11, 96.6);
INSERT INTO currencies.languages_currency (id, currency_id, language_id, percentage) VALUES (710, 192, 37, 3.3);
INSERT INTO currencies.languages_currency (id, currency_id, language_id, percentage) VALUES (711, 192, 24, 0.1);
INSERT INTO currencies.languages_currency (id, currency_id, language_id, percentage) VALUES (712, 194, 1, 82.6);
INSERT INTO currencies.languages_currency (id, currency_id, language_id, percentage) VALUES (713, 194, 63, 12);
INSERT INTO currencies.languages_currency (id, currency_id, language_id, percentage) VALUES (714, 194, 3, 2.7);
INSERT INTO currencies.languages_currency (id, currency_id, language_id, percentage) VALUES (715, 194, 6, 2.1);
INSERT INTO currencies.languages_currency (id, currency_id, language_id, percentage) VALUES (716, 194, 5, 0.4);
INSERT INTO currencies.languages_currency (id, currency_id, language_id, percentage) VALUES (717, 194, 18, 0.1);
INSERT INTO currencies.languages_currency (id, currency_id, language_id, percentage) VALUES (718, 194, 10, 0.1);
INSERT INTO currencies.languages_currency (id, currency_id, language_id, percentage) VALUES (719, 195, 14, 65.7);
INSERT INTO currencies.languages_currency (id, currency_id, language_id, percentage) VALUES (720, 195, 15, 33.3);
INSERT INTO currencies.languages_currency (id, currency_id, language_id, percentage) VALUES (721, 195, 7, 1);
INSERT INTO currencies.languages_currency (id, currency_id, language_id, percentage) VALUES (722, 196, 9, 100);
INSERT INTO currencies.languages_currency (id, currency_id, language_id, percentage) VALUES (723, 199, 64, 76.2);
INSERT INTO currencies.languages_currency (id, currency_id, language_id, percentage) VALUES (724, 199, 2, 15.2);
INSERT INTO currencies.languages_currency (id, currency_id, language_id, percentage) VALUES (725, 199, 11, 2.3);
INSERT INTO currencies.languages_currency (id, currency_id, language_id, percentage) VALUES (726, 199, 28, 1.3);
INSERT INTO currencies.languages_currency (id, currency_id, language_id, percentage) VALUES (727, 199, 5, 1.2);
INSERT INTO currencies.languages_currency (id, currency_id, language_id, percentage) VALUES (728, 199, 1, 1.1);
INSERT INTO currencies.languages_currency (id, currency_id, language_id, percentage) VALUES (729, 199, 7, 2.7);
INSERT INTO currencies.languages_currency (id, currency_id, language_id, percentage) VALUES (730, 200, 9, 56.9);
INSERT INTO currencies.languages_currency (id, currency_id, language_id, percentage) VALUES (731, 200, 14, 43.1);


create table tags
(
    id   int          not null
        primary key,
    name varchar(255) null
);

INSERT INTO currencies.tags (id, name) VALUES (1, 'PoW');
INSERT INTO currencies.tags (id, name) VALUES (2, 'SHA-256');
INSERT INTO currencies.tags (id, name) VALUES (3, 'Store Of Value');
INSERT INTO currencies.tags (id, name) VALUES (4, 'State Channel');
INSERT INTO currencies.tags (id, name) VALUES (5, 'Coinbase Ventures Portfolio');
INSERT INTO currencies.tags (id, name) VALUES (6, 'Three Arrows Capital Portfolio');
INSERT INTO currencies.tags (id, name) VALUES (7, 'Polychain Capital Portfolio');
INSERT INTO currencies.tags (id, name) VALUES (8, 'Binance Labs Portfolio');
INSERT INTO currencies.tags (id, name) VALUES (9, 'Blockchain Capital Portfolio');
INSERT INTO currencies.tags (id, name) VALUES (10, 'BoostVC Portfolio');
INSERT INTO currencies.tags (id, name) VALUES (11, 'CMS Holdings Portfolio');
INSERT INTO currencies.tags (id, name) VALUES (12, 'DCG Portfolio');
INSERT INTO currencies.tags (id, name) VALUES (13, 'DragonFly Capital Portfolio');
INSERT INTO currencies.tags (id, name) VALUES (14, 'Electric Capital Portfolio');
INSERT INTO currencies.tags (id, name) VALUES (15, 'Fabric Ventures Portfolio');
INSERT INTO currencies.tags (id, name) VALUES (16, 'Framework Ventures Portfolio');
INSERT INTO currencies.tags (id, name) VALUES (17, 'Galaxy Digital Portfolio');
INSERT INTO currencies.tags (id, name) VALUES (18, 'Huobi Capital Portfolio');
INSERT INTO currencies.tags (id, name) VALUES (19, 'Alameda Research Portfolio');
INSERT INTO currencies.tags (id, name) VALUES (20, 'a16z Portfolio');
INSERT INTO currencies.tags (id, name) VALUES (21, '1Confirmation Portfolio');
INSERT INTO currencies.tags (id, name) VALUES (22, 'Winklevoss Capital Portfolio');
INSERT INTO currencies.tags (id, name) VALUES (23, 'USV Portfolio');
INSERT INTO currencies.tags (id, name) VALUES (24, 'Placeholder Ventures Portfolio');
INSERT INTO currencies.tags (id, name) VALUES (25, 'Pantera Capital Portfolio');
INSERT INTO currencies.tags (id, name) VALUES (26, 'Multicoin Capital Portfolio');
INSERT INTO currencies.tags (id, name) VALUES (27, 'Paradigm Portfolio');
INSERT INTO currencies.tags (id, name) VALUES (28, 'Mineable');
INSERT INTO currencies.tags (id, name) VALUES (29, 'Bitcoin Ecosystem');
INSERT INTO currencies.tags (id, name) VALUES (30, 'PoS');
INSERT INTO currencies.tags (id, name) VALUES (31, 'Smart Contracts');
INSERT INTO currencies.tags (id, name) VALUES (32, 'Hashkey Capital Portfolio');
INSERT INTO currencies.tags (id, name) VALUES (33, 'Kenetic Capital Portfolio');
INSERT INTO currencies.tags (id, name) VALUES (34, 'Layer 1');
INSERT INTO currencies.tags (id, name) VALUES (35, 'Ethereum Ecosystem');
INSERT INTO currencies.tags (id, name) VALUES (36, 'Injective Ecosystem');
INSERT INTO currencies.tags (id, name) VALUES (37, 'Stablecoin');
INSERT INTO currencies.tags (id, name) VALUES (38, 'Asset-Backed Stablecoin');
INSERT INTO currencies.tags (id, name) VALUES (39, 'USD Stablecoin');
INSERT INTO currencies.tags (id, name) VALUES (40, 'Payments');
INSERT INTO currencies.tags (id, name) VALUES (41, 'Avalanche Ecosystem');
INSERT INTO currencies.tags (id, name) VALUES (42, 'Solana Ecosystem');
INSERT INTO currencies.tags (id, name) VALUES (43, 'Arbitrum Ecosystem');
INSERT INTO currencies.tags (id, name) VALUES (44, 'Moonriver Ecosystem');
INSERT INTO currencies.tags (id, name) VALUES (45, 'BNB Chain');
INSERT INTO currencies.tags (id, name) VALUES (46, 'Optimism Ecosystem');
INSERT INTO currencies.tags (id, name) VALUES (47, 'Centralized Exchange (CEX) Token');
INSERT INTO currencies.tags (id, name) VALUES (48, 'SEC Security Token');
INSERT INTO currencies.tags (id, name) VALUES (49, 'Alleged SEC Securities');
INSERT INTO currencies.tags (id, name) VALUES (50, 'Celsius Bankruptcy Estate');
INSERT INTO currencies.tags (id, name) VALUES (51, 'Marketplace');
INSERT INTO currencies.tags (id, name) VALUES (52, 'Arrington XRP Capital Portfolio');
INSERT INTO currencies.tags (id, name) VALUES (53, 'Medium of Exchange');
INSERT INTO currencies.tags (id, name) VALUES (54, 'Enterprise Solutions');
INSERT INTO currencies.tags (id, name) VALUES (55, 'Hedera Hashgraph Ecosystem');
INSERT INTO currencies.tags (id, name) VALUES (56, 'Fantom Ecosystem');
INSERT INTO currencies.tags (id, name) VALUES (57, 'DPoS');
INSERT INTO currencies.tags (id, name) VALUES (58, 'Platform');
INSERT INTO currencies.tags (id, name) VALUES (59, 'Staking');
INSERT INTO currencies.tags (id, name) VALUES (60, 'Research');
INSERT INTO currencies.tags (id, name) VALUES (61, 'Cardano Ecosystem');
INSERT INTO currencies.tags (id, name) VALUES (62, 'Cardano');
INSERT INTO currencies.tags (id, name) VALUES (63, 'Scrypt');
INSERT INTO currencies.tags (id, name) VALUES (64, 'Doggone Doggerel');
INSERT INTO currencies.tags (id, name) VALUES (65, 'Memes');
INSERT INTO currencies.tags (id, name) VALUES (66, 'OKEx Blockdream Ventures Portfolio');
INSERT INTO currencies.tags (id, name) VALUES (67, 'FTX Bankruptcy Estate');
INSERT INTO currencies.tags (id, name) VALUES (68, 'DWF Labs Portfolio');
INSERT INTO currencies.tags (id, name) VALUES (69, 'Media');
INSERT INTO currencies.tags (id, name) VALUES (70, 'TRON Ecosystem');
INSERT INTO currencies.tags (id, name) VALUES (71, 'Substrate');
INSERT INTO currencies.tags (id, name) VALUES (72, 'Coinfund Portfolio');
INSERT INTO currencies.tags (id, name) VALUES (73, 'Fenbushi Capital Portfolio');
INSERT INTO currencies.tags (id, name) VALUES (74, 'Exnetwork Capital Portfolio');
INSERT INTO currencies.tags (id, name) VALUES (75, 'Spartan Group');
INSERT INTO currencies.tags (id, name) VALUES (76, 'Web3');
INSERT INTO currencies.tags (id, name) VALUES (77, 'Polkadot');
INSERT INTO currencies.tags (id, name) VALUES (78, 'Binance Chain');
INSERT INTO currencies.tags (id, name) VALUES (79, 'Polkadot Ecosystem');
INSERT INTO currencies.tags (id, name) VALUES (80, 'DeFi');
INSERT INTO currencies.tags (id, name) VALUES (81, 'Polygon Ecosystem');
INSERT INTO currencies.tags (id, name) VALUES (82, 'Harmony Ecosystem');
INSERT INTO currencies.tags (id, name) VALUES (83, 'Zero Knowledge Proofs');
INSERT INTO currencies.tags (id, name) VALUES (84, 'Scaling');
INSERT INTO currencies.tags (id, name) VALUES (85, 'Layer 2');
INSERT INTO currencies.tags (id, name) VALUES (86, 'Binance Launchpad');
INSERT INTO currencies.tags (id, name) VALUES (87, 'Toncoin Ecosystem');
INSERT INTO currencies.tags (id, name) VALUES (88, 'Wrapped Tokens');
INSERT INTO currencies.tags (id, name) VALUES (89, 'Discount Token');
INSERT INTO currencies.tags (id, name) VALUES (90, 'Decentralized Exchange (DEX) Token');
INSERT INTO currencies.tags (id, name) VALUES (91, 'Oracles');
INSERT INTO currencies.tags (id, name) VALUES (92, 'Real World Assets');
INSERT INTO currencies.tags (id, name) VALUES (93, 'Near Protocol Ecosystem');
INSERT INTO currencies.tags (id, name) VALUES (94, 'Linea Ecosystem');
INSERT INTO currencies.tags (id, name) VALUES (95, 'DAO');
INSERT INTO currencies.tags (id, name) VALUES (96, 'Yield Farming');
INSERT INTO currencies.tags (id, name) VALUES (97, 'AMM');
INSERT INTO currencies.tags (id, name) VALUES (98, 'Governance');
INSERT INTO currencies.tags (id, name) VALUES (99, 'DeFiance Capital Portfolio');
INSERT INTO currencies.tags (id, name) VALUES (100, 'ParaFi Capital');
INSERT INTO currencies.tags (id, name) VALUES (101, 'Privacy');
INSERT INTO currencies.tags (id, name) VALUES (102, 'RingCT');
INSERT INTO currencies.tags (id, name) VALUES (103, 'Interoperability');
INSERT INTO currencies.tags (id, name) VALUES (104, 'Content Creation');
INSERT INTO currencies.tags (id, name) VALUES (105, 'Cosmos Ecosystem');
INSERT INTO currencies.tags (id, name) VALUES (106, 'Ethash');
INSERT INTO currencies.tags (id, name) VALUES (107, 'DAG');
INSERT INTO currencies.tags (id, name) VALUES (108, 'Collectibles & NFTs');
INSERT INTO currencies.tags (id, name) VALUES (109, 'Wallet');
INSERT INTO currencies.tags (id, name) VALUES (110, 'Storage');
INSERT INTO currencies.tags (id, name) VALUES (111, 'Launchpad');
INSERT INTO currencies.tags (id, name) VALUES (112, 'Lending & Borrowing');
INSERT INTO currencies.tags (id, name) VALUES (113, 'Metaverse');
INSERT INTO currencies.tags (id, name) VALUES (114, 'Distributed Computing');
INSERT INTO currencies.tags (id, name) VALUES (115, 'Internet Computer Ecosystem');
INSERT INTO currencies.tags (id, name) VALUES (116, 'Filesharing');
INSERT INTO currencies.tags (id, name) VALUES (117, 'Filecoin Ecosystem');
INSERT INTO currencies.tags (id, name) VALUES (118, 'Liquid Staking Derivatives');
INSERT INTO currencies.tags (id, name) VALUES (119, 'Mobile');
INSERT INTO currencies.tags (id, name) VALUES (120, 'Circle Ventures Portfolio');
INSERT INTO currencies.tags (id, name) VALUES (121, 'Aptos Ecosystem');
INSERT INTO currencies.tags (id, name) VALUES (122, 'DApp');
INSERT INTO currencies.tags (id, name) VALUES (123, 'Rollups');
INSERT INTO currencies.tags (id, name) VALUES (124, 'Logistics');
INSERT INTO currencies.tags (id, name) VALUES (125, 'Data Provenance');
INSERT INTO currencies.tags (id, name) VALUES (126, 'IoT');
INSERT INTO currencies.tags (id, name) VALUES (127, 'Analytics');
INSERT INTO currencies.tags (id, name) VALUES (128, 'LedgerPrime Portfolio');
INSERT INTO currencies.tags (id, name) VALUES (129, 'AI & Big Data');
INSERT INTO currencies.tags (id, name) VALUES (130, 'XDC Ecosystem');
INSERT INTO currencies.tags (id, name) VALUES (131, 'Algorithmic Stablecoin');
INSERT INTO currencies.tags (id, name) VALUES (132, 'Play To Earn');
INSERT INTO currencies.tags (id, name) VALUES (133, 'Animoca Brands Portfolio');
INSERT INTO currencies.tags (id, name) VALUES (134, 'Gaming');
INSERT INTO currencies.tags (id, name) VALUES (135, 'Elrond Ecosystem');
INSERT INTO currencies.tags (id, name) VALUES (136, 'EOS');
INSERT INTO currencies.tags (id, name) VALUES (137, 'Video');
INSERT INTO currencies.tags (id, name) VALUES (138, 'Cosmos');
INSERT INTO currencies.tags (id, name) VALUES (139, 'BNB Smart Chain');
INSERT INTO currencies.tags (id, name) VALUES (140, 'Derivatives');
INSERT INTO currencies.tags (id, name) VALUES (141, 'Services');
INSERT INTO currencies.tags (id, name) VALUES (142, 'Synthetics');
INSERT INTO currencies.tags (id, name) VALUES (143, 'Art');
INSERT INTO currencies.tags (id, name) VALUES (144, 'VR/AR');
INSERT INTO currencies.tags (id, name) VALUES (145, 'Entertainment');
INSERT INTO currencies.tags (id, name) VALUES (146, 'DEX');
INSERT INTO currencies.tags (id, name) VALUES (147, 'Tokenized Gold');
INSERT INTO currencies.tags (id, name) VALUES (148, 'Sports');
INSERT INTO currencies.tags (id, name) VALUES (149, 'Algorand Ecosystem');
INSERT INTO currencies.tags (id, name) VALUES (150, 'Seigniorage');
INSERT INTO currencies.tags (id, name) VALUES (151, 'Olympus Pro Ecosystem');
INSERT INTO currencies.tags (id, name) VALUES (152, 'Sharing Economy');
INSERT INTO currencies.tags (id, name) VALUES (153, 'Equihash');
INSERT INTO currencies.tags (id, name) VALUES (154, 'Binance Launchpool');
INSERT INTO currencies.tags (id, name) VALUES (155, 'Hybrid - PoW & DPoS');
INSERT INTO currencies.tags (id, name) VALUES (156, 'Terra Ecosystem');
INSERT INTO currencies.tags (id, name) VALUES (157, 'MVB');
INSERT INTO currencies.tags (id, name) VALUES (158, 'VBC Ventures Portfolio');
INSERT INTO currencies.tags (id, name) VALUES (159, 'Hybrid - PoW & PoS');
INSERT INTO currencies.tags (id, name) VALUES (160, 'X11');
INSERT INTO currencies.tags (id, name) VALUES (161, 'Masternodes');
INSERT INTO currencies.tags (id, name) VALUES (162, 'Zilliqa Ecosystem');
INSERT INTO currencies.tags (id, name) VALUES (163, 'Prediction Markets');
INSERT INTO currencies.tags (id, name) VALUES (164, 'Marketing');
INSERT INTO currencies.tags (id, name) VALUES (165, 'Jump Crypto');
INSERT INTO currencies.tags (id, name) VALUES (166, 'SEI Ecosystem');
INSERT INTO currencies.tags (id, name) VALUES (167, 'Red Packets');
INSERT INTO currencies.tags (id, name) VALUES (168, 'Token');
INSERT INTO currencies.tags (id, name) VALUES (169, 'PoI');
INSERT INTO currencies.tags (id, name) VALUES (170, 'Cross-Chain DEX Aggregator');
INSERT INTO currencies.tags (id, name) VALUES (171, 'Yield Aggregator');
INSERT INTO currencies.tags (id, name) VALUES (172, 'Communications & Social Media');
INSERT INTO currencies.tags (id, name) VALUES (173, 'Celo Ecosystem');
INSERT INTO currencies.tags (id, name) VALUES (174, 'BLAKE256');
INSERT INTO currencies.tags (id, name) VALUES (175, 'Crowdfunding');
INSERT INTO currencies.tags (id, name) VALUES (176, 'Yearn Partnerships');
INSERT INTO currencies.tags (id, name) VALUES (177, 'Move To Earn');
INSERT INTO currencies.tags (id, name) VALUES (178, 'Base Ecosystem');
INSERT INTO currencies.tags (id, name) VALUES (179, 'LPoS');
INSERT INTO currencies.tags (id, name) VALUES (180, 'Music');
INSERT INTO currencies.tags (id, name) VALUES (181, 'Blake2b');
INSERT INTO currencies.tags (id, name) VALUES (182, 'Identity');
INSERT INTO currencies.tags (id, name) VALUES (183, 'Hardware');
INSERT INTO currencies.tags (id, name) VALUES (184, 'IoTeX Ecosystem');
INSERT INTO currencies.tags (id, name) VALUES (185, 'Gaming Guild');
INSERT INTO currencies.tags (id, name) VALUES (186, 'Blake2S');
INSERT INTO currencies.tags (id, name) VALUES (187, 'Kadena Ecosystem');
INSERT INTO currencies.tags (id, name) VALUES (188, 'Telegram Bot');
INSERT INTO currencies.tags (id, name) VALUES (189, 'Multiple algorithms');
INSERT INTO currencies.tags (id, name) VALUES (190, 'Cross-Chain');
INSERT INTO currencies.tags (id, name) VALUES (191, 'DAO Maker');
INSERT INTO currencies.tags (id, name) VALUES (192, 'Sidechain');
INSERT INTO currencies.tags (id, name) VALUES (193, 'Everscale Ecosystem');


create table tags_currency
(
    id          int auto_increment
        primary key,
    currency_id int null,
    tag_id      int null,
    constraint id
        unique (id),
    constraint currency_tag_data_currency_data_id_fk
        foreign key (currency_id) references currency (id),
    constraint currency_tag_data_tags_id_fk
        foreign key (tag_id) references tags (id)
);

INSERT INTO currencies.tags_currency (id, currency_id, tag_id) VALUES (1, 1, 1);
INSERT INTO currencies.tags_currency (id, currency_id, tag_id) VALUES (2, 1, 2);
INSERT INTO currencies.tags_currency (id, currency_id, tag_id) VALUES (3, 1, 3);
INSERT INTO currencies.tags_currency (id, currency_id, tag_id) VALUES (4, 1, 4);
INSERT INTO currencies.tags_currency (id, currency_id, tag_id) VALUES (5, 1, 5);
INSERT INTO currencies.tags_currency (id, currency_id, tag_id) VALUES (6, 1, 6);
INSERT INTO currencies.tags_currency (id, currency_id, tag_id) VALUES (7, 1, 7);
INSERT INTO currencies.tags_currency (id, currency_id, tag_id) VALUES (8, 1, 8);
INSERT INTO currencies.tags_currency (id, currency_id, tag_id) VALUES (9, 1, 9);
INSERT INTO currencies.tags_currency (id, currency_id, tag_id) VALUES (10, 1, 10);
INSERT INTO currencies.tags_currency (id, currency_id, tag_id) VALUES (11, 1, 11);
INSERT INTO currencies.tags_currency (id, currency_id, tag_id) VALUES (12, 1, 12);
INSERT INTO currencies.tags_currency (id, currency_id, tag_id) VALUES (13, 1, 13);
INSERT INTO currencies.tags_currency (id, currency_id, tag_id) VALUES (14, 1, 14);
INSERT INTO currencies.tags_currency (id, currency_id, tag_id) VALUES (15, 1, 15);
INSERT INTO currencies.tags_currency (id, currency_id, tag_id) VALUES (16, 1, 16);
INSERT INTO currencies.tags_currency (id, currency_id, tag_id) VALUES (17, 1, 17);
INSERT INTO currencies.tags_currency (id, currency_id, tag_id) VALUES (18, 1, 18);
INSERT INTO currencies.tags_currency (id, currency_id, tag_id) VALUES (19, 1, 19);
INSERT INTO currencies.tags_currency (id, currency_id, tag_id) VALUES (20, 1, 20);
INSERT INTO currencies.tags_currency (id, currency_id, tag_id) VALUES (21, 1, 21);
INSERT INTO currencies.tags_currency (id, currency_id, tag_id) VALUES (22, 1, 22);
INSERT INTO currencies.tags_currency (id, currency_id, tag_id) VALUES (23, 1, 23);
INSERT INTO currencies.tags_currency (id, currency_id, tag_id) VALUES (24, 1, 24);
INSERT INTO currencies.tags_currency (id, currency_id, tag_id) VALUES (25, 1, 25);
INSERT INTO currencies.tags_currency (id, currency_id, tag_id) VALUES (26, 1, 26);
INSERT INTO currencies.tags_currency (id, currency_id, tag_id) VALUES (27, 1, 27);
INSERT INTO currencies.tags_currency (id, currency_id, tag_id) VALUES (28, 1, 28);
INSERT INTO currencies.tags_currency (id, currency_id, tag_id) VALUES (29, 1, 29);
INSERT INTO currencies.tags_currency (id, currency_id, tag_id) VALUES (30, 2, 5);
INSERT INTO currencies.tags_currency (id, currency_id, tag_id) VALUES (31, 2, 6);
INSERT INTO currencies.tags_currency (id, currency_id, tag_id) VALUES (32, 2, 7);
INSERT INTO currencies.tags_currency (id, currency_id, tag_id) VALUES (33, 2, 8);
INSERT INTO currencies.tags_currency (id, currency_id, tag_id) VALUES (34, 2, 9);
INSERT INTO currencies.tags_currency (id, currency_id, tag_id) VALUES (35, 2, 10);
INSERT INTO currencies.tags_currency (id, currency_id, tag_id) VALUES (36, 2, 11);
INSERT INTO currencies.tags_currency (id, currency_id, tag_id) VALUES (37, 2, 12);
INSERT INTO currencies.tags_currency (id, currency_id, tag_id) VALUES (38, 2, 13);
INSERT INTO currencies.tags_currency (id, currency_id, tag_id) VALUES (39, 2, 14);
INSERT INTO currencies.tags_currency (id, currency_id, tag_id) VALUES (40, 2, 15);
INSERT INTO currencies.tags_currency (id, currency_id, tag_id) VALUES (41, 2, 16);
INSERT INTO currencies.tags_currency (id, currency_id, tag_id) VALUES (42, 2, 18);
INSERT INTO currencies.tags_currency (id, currency_id, tag_id) VALUES (43, 2, 19);
INSERT INTO currencies.tags_currency (id, currency_id, tag_id) VALUES (44, 2, 20);
INSERT INTO currencies.tags_currency (id, currency_id, tag_id) VALUES (45, 2, 21);
INSERT INTO currencies.tags_currency (id, currency_id, tag_id) VALUES (46, 2, 22);
INSERT INTO currencies.tags_currency (id, currency_id, tag_id) VALUES (47, 2, 23);
INSERT INTO currencies.tags_currency (id, currency_id, tag_id) VALUES (48, 2, 24);
INSERT INTO currencies.tags_currency (id, currency_id, tag_id) VALUES (49, 2, 25);
INSERT INTO currencies.tags_currency (id, currency_id, tag_id) VALUES (50, 2, 26);
INSERT INTO currencies.tags_currency (id, currency_id, tag_id) VALUES (51, 2, 27);
INSERT INTO currencies.tags_currency (id, currency_id, tag_id) VALUES (52, 2, 30);
INSERT INTO currencies.tags_currency (id, currency_id, tag_id) VALUES (53, 2, 31);
INSERT INTO currencies.tags_currency (id, currency_id, tag_id) VALUES (54, 2, 32);
INSERT INTO currencies.tags_currency (id, currency_id, tag_id) VALUES (55, 2, 33);
INSERT INTO currencies.tags_currency (id, currency_id, tag_id) VALUES (56, 2, 34);
INSERT INTO currencies.tags_currency (id, currency_id, tag_id) VALUES (57, 2, 35);
INSERT INTO currencies.tags_currency (id, currency_id, tag_id) VALUES (58, 2, 36);
INSERT INTO currencies.tags_currency (id, currency_id, tag_id) VALUES (59, 3, 36);
INSERT INTO currencies.tags_currency (id, currency_id, tag_id) VALUES (60, 3, 37);
INSERT INTO currencies.tags_currency (id, currency_id, tag_id) VALUES (61, 3, 38);
INSERT INTO currencies.tags_currency (id, currency_id, tag_id) VALUES (62, 3, 39);
INSERT INTO currencies.tags_currency (id, currency_id, tag_id) VALUES (63, 3, 40);
INSERT INTO currencies.tags_currency (id, currency_id, tag_id) VALUES (64, 3, 41);
INSERT INTO currencies.tags_currency (id, currency_id, tag_id) VALUES (65, 3, 42);
INSERT INTO currencies.tags_currency (id, currency_id, tag_id) VALUES (66, 3, 43);
INSERT INTO currencies.tags_currency (id, currency_id, tag_id) VALUES (67, 3, 44);
INSERT INTO currencies.tags_currency (id, currency_id, tag_id) VALUES (68, 3, 45);
INSERT INTO currencies.tags_currency (id, currency_id, tag_id) VALUES (69, 3, 46);
INSERT INTO currencies.tags_currency (id, currency_id, tag_id) VALUES (70, 4, 19);
INSERT INTO currencies.tags_currency (id, currency_id, tag_id) VALUES (71, 4, 26);
INSERT INTO currencies.tags_currency (id, currency_id, tag_id) VALUES (72, 4, 31);
INSERT INTO currencies.tags_currency (id, currency_id, tag_id) VALUES (73, 4, 34);
INSERT INTO currencies.tags_currency (id, currency_id, tag_id) VALUES (74, 4, 40);
INSERT INTO currencies.tags_currency (id, currency_id, tag_id) VALUES (75, 4, 45);
INSERT INTO currencies.tags_currency (id, currency_id, tag_id) VALUES (76, 4, 47);
INSERT INTO currencies.tags_currency (id, currency_id, tag_id) VALUES (77, 4, 48);
INSERT INTO currencies.tags_currency (id, currency_id, tag_id) VALUES (78, 4, 49);
INSERT INTO currencies.tags_currency (id, currency_id, tag_id) VALUES (79, 4, 50);
INSERT INTO currencies.tags_currency (id, currency_id, tag_id) VALUES (80, 4, 51);
INSERT INTO currencies.tags_currency (id, currency_id, tag_id) VALUES (81, 5, 17);
INSERT INTO currencies.tags_currency (id, currency_id, tag_id) VALUES (82, 5, 20);
INSERT INTO currencies.tags_currency (id, currency_id, tag_id) VALUES (83, 5, 25);
INSERT INTO currencies.tags_currency (id, currency_id, tag_id) VALUES (84, 5, 52);
INSERT INTO currencies.tags_currency (id, currency_id, tag_id) VALUES (85, 5, 53);
INSERT INTO currencies.tags_currency (id, currency_id, tag_id) VALUES (86, 5, 54);
INSERT INTO currencies.tags_currency (id, currency_id, tag_id) VALUES (87, 6, 37);
INSERT INTO currencies.tags_currency (id, currency_id, tag_id) VALUES (88, 6, 38);
INSERT INTO currencies.tags_currency (id, currency_id, tag_id) VALUES (89, 6, 39);
INSERT INTO currencies.tags_currency (id, currency_id, tag_id) VALUES (90, 6, 43);
INSERT INTO currencies.tags_currency (id, currency_id, tag_id) VALUES (91, 6, 44);
INSERT INTO currencies.tags_currency (id, currency_id, tag_id) VALUES (92, 6, 45);
INSERT INTO currencies.tags_currency (id, currency_id, tag_id) VALUES (93, 6, 46);
INSERT INTO currencies.tags_currency (id, currency_id, tag_id) VALUES (94, 6, 53);
INSERT INTO currencies.tags_currency (id, currency_id, tag_id) VALUES (95, 6, 55);
INSERT INTO currencies.tags_currency (id, currency_id, tag_id) VALUES (96, 6, 56);
INSERT INTO currencies.tags_currency (id, currency_id, tag_id) VALUES (97, 7, 30);
INSERT INTO currencies.tags_currency (id, currency_id, tag_id) VALUES (98, 7, 31);
INSERT INTO currencies.tags_currency (id, currency_id, tag_id) VALUES (99, 7, 34);
INSERT INTO currencies.tags_currency (id, currency_id, tag_id) VALUES (100, 7, 48);
INSERT INTO currencies.tags_currency (id, currency_id, tag_id) VALUES (101, 7, 49);
INSERT INTO currencies.tags_currency (id, currency_id, tag_id) VALUES (102, 7, 57);
INSERT INTO currencies.tags_currency (id, currency_id, tag_id) VALUES (103, 7, 58);
INSERT INTO currencies.tags_currency (id, currency_id, tag_id) VALUES (104, 7, 59);
INSERT INTO currencies.tags_currency (id, currency_id, tag_id) VALUES (105, 7, 60);
INSERT INTO currencies.tags_currency (id, currency_id, tag_id) VALUES (106, 7, 61);
INSERT INTO currencies.tags_currency (id, currency_id, tag_id) VALUES (107, 7, 62);
INSERT INTO currencies.tags_currency (id, currency_id, tag_id) VALUES (108, 8, 1);
INSERT INTO currencies.tags_currency (id, currency_id, tag_id) VALUES (109, 8, 28);
INSERT INTO currencies.tags_currency (id, currency_id, tag_id) VALUES (110, 8, 40);
INSERT INTO currencies.tags_currency (id, currency_id, tag_id) VALUES (111, 8, 45);
INSERT INTO currencies.tags_currency (id, currency_id, tag_id) VALUES (112, 8, 53);
INSERT INTO currencies.tags_currency (id, currency_id, tag_id) VALUES (113, 8, 63);
INSERT INTO currencies.tags_currency (id, currency_id, tag_id) VALUES (114, 8, 64);
INSERT INTO currencies.tags_currency (id, currency_id, tag_id) VALUES (115, 8, 65);
INSERT INTO currencies.tags_currency (id, currency_id, tag_id) VALUES (116, 9, 11);
INSERT INTO currencies.tags_currency (id, currency_id, tag_id) VALUES (117, 9, 19);
INSERT INTO currencies.tags_currency (id, currency_id, tag_id) VALUES (118, 9, 26);
INSERT INTO currencies.tags_currency (id, currency_id, tag_id) VALUES (119, 9, 30);
INSERT INTO currencies.tags_currency (id, currency_id, tag_id) VALUES (120, 9, 33);
INSERT INTO currencies.tags_currency (id, currency_id, tag_id) VALUES (121, 9, 34);
INSERT INTO currencies.tags_currency (id, currency_id, tag_id) VALUES (122, 9, 42);
INSERT INTO currencies.tags_currency (id, currency_id, tag_id) VALUES (123, 9, 48);
INSERT INTO currencies.tags_currency (id, currency_id, tag_id) VALUES (124, 9, 49);
INSERT INTO currencies.tags_currency (id, currency_id, tag_id) VALUES (125, 9, 58);
INSERT INTO currencies.tags_currency (id, currency_id, tag_id) VALUES (126, 9, 66);
INSERT INTO currencies.tags_currency (id, currency_id, tag_id) VALUES (127, 9, 67);
INSERT INTO currencies.tags_currency (id, currency_id, tag_id) VALUES (128, 10, 40);
INSERT INTO currencies.tags_currency (id, currency_id, tag_id) VALUES (129, 10, 48);
INSERT INTO currencies.tags_currency (id, currency_id, tag_id) VALUES (130, 10, 49);
INSERT INTO currencies.tags_currency (id, currency_id, tag_id) VALUES (131, 10, 68);
INSERT INTO currencies.tags_currency (id, currency_id, tag_id) VALUES (132, 10, 69);
INSERT INTO currencies.tags_currency (id, currency_id, tag_id) VALUES (133, 10, 70);
INSERT INTO currencies.tags_currency (id, currency_id, tag_id) VALUES (134, 11, 6);
INSERT INTO currencies.tags_currency (id, currency_id, tag_id) VALUES (135, 11, 7);
INSERT INTO currencies.tags_currency (id, currency_id, tag_id) VALUES (136, 11, 9);
INSERT INTO currencies.tags_currency (id, currency_id, tag_id) VALUES (137, 11, 10);
INSERT INTO currencies.tags_currency (id, currency_id, tag_id) VALUES (138, 11, 11);
INSERT INTO currencies.tags_currency (id, currency_id, tag_id) VALUES (139, 11, 15);
INSERT INTO currencies.tags_currency (id, currency_id, tag_id) VALUES (140, 11, 21);
INSERT INTO currencies.tags_currency (id, currency_id, tag_id) VALUES (141, 11, 24);
INSERT INTO currencies.tags_currency (id, currency_id, tag_id) VALUES (142, 11, 25);
INSERT INTO currencies.tags_currency (id, currency_id, tag_id) VALUES (143, 11, 32);
INSERT INTO currencies.tags_currency (id, currency_id, tag_id) VALUES (144, 11, 33);
INSERT INTO currencies.tags_currency (id, currency_id, tag_id) VALUES (145, 11, 34);
INSERT INTO currencies.tags_currency (id, currency_id, tag_id) VALUES (146, 11, 36);
INSERT INTO currencies.tags_currency (id, currency_id, tag_id) VALUES (147, 11, 45);
INSERT INTO currencies.tags_currency (id, currency_id, tag_id) VALUES (148, 11, 52);
INSERT INTO currencies.tags_currency (id, currency_id, tag_id) VALUES (149, 11, 71);
INSERT INTO currencies.tags_currency (id, currency_id, tag_id) VALUES (150, 11, 72);
INSERT INTO currencies.tags_currency (id, currency_id, tag_id) VALUES (151, 11, 73);
INSERT INTO currencies.tags_currency (id, currency_id, tag_id) VALUES (152, 11, 74);
INSERT INTO currencies.tags_currency (id, currency_id, tag_id) VALUES (153, 11, 75);
INSERT INTO currencies.tags_currency (id, currency_id, tag_id) VALUES (154, 11, 76);
INSERT INTO currencies.tags_currency (id, currency_id, tag_id) VALUES (155, 11, 77);
INSERT INTO currencies.tags_currency (id, currency_id, tag_id) VALUES (156, 11, 78);
INSERT INTO currencies.tags_currency (id, currency_id, tag_id) VALUES (157, 11, 79);
INSERT INTO currencies.tags_currency (id, currency_id, tag_id) VALUES (158, 12, 35);
INSERT INTO currencies.tags_currency (id, currency_id, tag_id) VALUES (159, 12, 37);
INSERT INTO currencies.tags_currency (id, currency_id, tag_id) VALUES (160, 12, 38);
INSERT INTO currencies.tags_currency (id, currency_id, tag_id) VALUES (161, 12, 39);
INSERT INTO currencies.tags_currency (id, currency_id, tag_id) VALUES (162, 12, 41);
INSERT INTO currencies.tags_currency (id, currency_id, tag_id) VALUES (163, 12, 43);
INSERT INTO currencies.tags_currency (id, currency_id, tag_id) VALUES (164, 12, 44);
INSERT INTO currencies.tags_currency (id, currency_id, tag_id) VALUES (165, 12, 45);
INSERT INTO currencies.tags_currency (id, currency_id, tag_id) VALUES (166, 12, 46);
INSERT INTO currencies.tags_currency (id, currency_id, tag_id) VALUES (167, 12, 56);
INSERT INTO currencies.tags_currency (id, currency_id, tag_id) VALUES (168, 12, 80);
INSERT INTO currencies.tags_currency (id, currency_id, tag_id) VALUES (169, 12, 81);
INSERT INTO currencies.tags_currency (id, currency_id, tag_id) VALUES (170, 12, 82);
INSERT INTO currencies.tags_currency (id, currency_id, tag_id) VALUES (171, 13, 4);
INSERT INTO currencies.tags_currency (id, currency_id, tag_id) VALUES (172, 13, 5);
INSERT INTO currencies.tags_currency (id, currency_id, tag_id) VALUES (173, 13, 8);
INSERT INTO currencies.tags_currency (id, currency_id, tag_id) VALUES (174, 13, 30);
INSERT INTO currencies.tags_currency (id, currency_id, tag_id) VALUES (175, 13, 36);
INSERT INTO currencies.tags_currency (id, currency_id, tag_id) VALUES (176, 13, 44);
INSERT INTO currencies.tags_currency (id, currency_id, tag_id) VALUES (177, 13, 48);
INSERT INTO currencies.tags_currency (id, currency_id, tag_id) VALUES (178, 13, 49);
INSERT INTO currencies.tags_currency (id, currency_id, tag_id) VALUES (179, 13, 54);
INSERT INTO currencies.tags_currency (id, currency_id, tag_id) VALUES (180, 13, 58);
INSERT INTO currencies.tags_currency (id, currency_id, tag_id) VALUES (181, 13, 81);
INSERT INTO currencies.tags_currency (id, currency_id, tag_id) VALUES (182, 13, 83);
INSERT INTO currencies.tags_currency (id, currency_id, tag_id) VALUES (183, 13, 84);
INSERT INTO currencies.tags_currency (id, currency_id, tag_id) VALUES (184, 13, 85);
INSERT INTO currencies.tags_currency (id, currency_id, tag_id) VALUES (185, 13, 86);
INSERT INTO currencies.tags_currency (id, currency_id, tag_id) VALUES (186, 14, 30);
INSERT INTO currencies.tags_currency (id, currency_id, tag_id) VALUES (187, 14, 68);
INSERT INTO currencies.tags_currency (id, currency_id, tag_id) VALUES (188, 14, 87);
INSERT INTO currencies.tags_currency (id, currency_id, tag_id) VALUES (189, 15, 1);
INSERT INTO currencies.tags_currency (id, currency_id, tag_id) VALUES (190, 15, 28);
INSERT INTO currencies.tags_currency (id, currency_id, tag_id) VALUES (191, 15, 53);
INSERT INTO currencies.tags_currency (id, currency_id, tag_id) VALUES (192, 15, 63);
INSERT INTO currencies.tags_currency (id, currency_id, tag_id) VALUES (193, 16, 35);
INSERT INTO currencies.tags_currency (id, currency_id, tag_id) VALUES (194, 16, 64);
INSERT INTO currencies.tags_currency (id, currency_id, tag_id) VALUES (195, 16, 65);
INSERT INTO currencies.tags_currency (id, currency_id, tag_id) VALUES (196, 17, 29);
INSERT INTO currencies.tags_currency (id, currency_id, tag_id) VALUES (197, 17, 43);
INSERT INTO currencies.tags_currency (id, currency_id, tag_id) VALUES (198, 17, 44);
INSERT INTO currencies.tags_currency (id, currency_id, tag_id) VALUES (199, 17, 46);
INSERT INTO currencies.tags_currency (id, currency_id, tag_id) VALUES (200, 17, 53);
INSERT INTO currencies.tags_currency (id, currency_id, tag_id) VALUES (201, 17, 56);
INSERT INTO currencies.tags_currency (id, currency_id, tag_id) VALUES (202, 17, 80);
INSERT INTO currencies.tags_currency (id, currency_id, tag_id) VALUES (203, 17, 88);
INSERT INTO currencies.tags_currency (id, currency_id, tag_id) VALUES (204, 18, 1);
INSERT INTO currencies.tags_currency (id, currency_id, tag_id) VALUES (205, 18, 2);
INSERT INTO currencies.tags_currency (id, currency_id, tag_id) VALUES (206, 18, 3);
INSERT INTO currencies.tags_currency (id, currency_id, tag_id) VALUES (207, 18, 28);
INSERT INTO currencies.tags_currency (id, currency_id, tag_id) VALUES (208, 18, 29);
INSERT INTO currencies.tags_currency (id, currency_id, tag_id) VALUES (209, 18, 34);
INSERT INTO currencies.tags_currency (id, currency_id, tag_id) VALUES (210, 18, 40);
INSERT INTO currencies.tags_currency (id, currency_id, tag_id) VALUES (211, 18, 51);
INSERT INTO currencies.tags_currency (id, currency_id, tag_id) VALUES (212, 18, 53);
INSERT INTO currencies.tags_currency (id, currency_id, tag_id) VALUES (213, 18, 54);
INSERT INTO currencies.tags_currency (id, currency_id, tag_id) VALUES (214, 19, 19);
INSERT INTO currencies.tags_currency (id, currency_id, tag_id) VALUES (215, 19, 33);
INSERT INTO currencies.tags_currency (id, currency_id, tag_id) VALUES (216, 19, 40);
INSERT INTO currencies.tags_currency (id, currency_id, tag_id) VALUES (217, 19, 47);
INSERT INTO currencies.tags_currency (id, currency_id, tag_id) VALUES (218, 19, 51);
INSERT INTO currencies.tags_currency (id, currency_id, tag_id) VALUES (219, 19, 89);
INSERT INTO currencies.tags_currency (id, currency_id, tag_id) VALUES (220, 20, 6);
INSERT INTO currencies.tags_currency (id, currency_id, tag_id) VALUES (221, 20, 7);
INSERT INTO currencies.tags_currency (id, currency_id, tag_id) VALUES (222, 20, 11);
INSERT INTO currencies.tags_currency (id, currency_id, tag_id) VALUES (223, 20, 13);
INSERT INTO currencies.tags_currency (id, currency_id, tag_id) VALUES (224, 20, 31);
INSERT INTO currencies.tags_currency (id, currency_id, tag_id) VALUES (225, 20, 34);
INSERT INTO currencies.tags_currency (id, currency_id, tag_id) VALUES (226, 20, 36);
INSERT INTO currencies.tags_currency (id, currency_id, tag_id) VALUES (227, 20, 41);
INSERT INTO currencies.tags_currency (id, currency_id, tag_id) VALUES (228, 20, 44);
INSERT INTO currencies.tags_currency (id, currency_id, tag_id) VALUES (229, 20, 80);
INSERT INTO currencies.tags_currency (id, currency_id, tag_id) VALUES (230, 21, 31);
INSERT INTO currencies.tags_currency (id, currency_id, tag_id) VALUES (231, 21, 32);
INSERT INTO currencies.tags_currency (id, currency_id, tag_id) VALUES (232, 21, 53);
INSERT INTO currencies.tags_currency (id, currency_id, tag_id) VALUES (233, 21, 54);
INSERT INTO currencies.tags_currency (id, currency_id, tag_id) VALUES (234, 21, 90);
INSERT INTO currencies.tags_currency (id, currency_id, tag_id) VALUES (235, 22, 16);
INSERT INTO currencies.tags_currency (id, currency_id, tag_id) VALUES (236, 22, 31);
INSERT INTO currencies.tags_currency (id, currency_id, tag_id) VALUES (237, 22, 36);
INSERT INTO currencies.tags_currency (id, currency_id, tag_id) VALUES (238, 22, 41);
INSERT INTO currencies.tags_currency (id, currency_id, tag_id) VALUES (239, 22, 42);
INSERT INTO currencies.tags_currency (id, currency_id, tag_id) VALUES (240, 22, 43);
INSERT INTO currencies.tags_currency (id, currency_id, tag_id) VALUES (241, 22, 46);
INSERT INTO currencies.tags_currency (id, currency_id, tag_id) VALUES (242, 22, 50);
INSERT INTO currencies.tags_currency (id, currency_id, tag_id) VALUES (243, 22, 56);
INSERT INTO currencies.tags_currency (id, currency_id, tag_id) VALUES (244, 22, 58);
INSERT INTO currencies.tags_currency (id, currency_id, tag_id) VALUES (245, 22, 61);
INSERT INTO currencies.tags_currency (id, currency_id, tag_id) VALUES (246, 22, 62);
INSERT INTO currencies.tags_currency (id, currency_id, tag_id) VALUES (247, 22, 71);
INSERT INTO currencies.tags_currency (id, currency_id, tag_id) VALUES (248, 22, 76);
INSERT INTO currencies.tags_currency (id, currency_id, tag_id) VALUES (249, 22, 77);
INSERT INTO currencies.tags_currency (id, currency_id, tag_id) VALUES (250, 22, 79);
INSERT INTO currencies.tags_currency (id, currency_id, tag_id) VALUES (251, 22, 80);
INSERT INTO currencies.tags_currency (id, currency_id, tag_id) VALUES (252, 22, 81);
INSERT INTO currencies.tags_currency (id, currency_id, tag_id) VALUES (253, 22, 91);
INSERT INTO currencies.tags_currency (id, currency_id, tag_id) VALUES (254, 22, 92);
INSERT INTO currencies.tags_currency (id, currency_id, tag_id) VALUES (255, 22, 93);
INSERT INTO currencies.tags_currency (id, currency_id, tag_id) VALUES (256, 23, 37);
INSERT INTO currencies.tags_currency (id, currency_id, tag_id) VALUES (257, 23, 38);
INSERT INTO currencies.tags_currency (id, currency_id, tag_id) VALUES (258, 23, 39);
INSERT INTO currencies.tags_currency (id, currency_id, tag_id) VALUES (259, 23, 44);
INSERT INTO currencies.tags_currency (id, currency_id, tag_id) VALUES (260, 23, 46);
INSERT INTO currencies.tags_currency (id, currency_id, tag_id) VALUES (261, 23, 49);
INSERT INTO currencies.tags_currency (id, currency_id, tag_id) VALUES (262, 23, 78);
INSERT INTO currencies.tags_currency (id, currency_id, tag_id) VALUES (263, 23, 82);
INSERT INTO currencies.tags_currency (id, currency_id, tag_id) VALUES (264, 23, 94);
INSERT INTO currencies.tags_currency (id, currency_id, tag_id) VALUES (265, 24, 3);
INSERT INTO currencies.tags_currency (id, currency_id, tag_id) VALUES (266, 24, 37);
INSERT INTO currencies.tags_currency (id, currency_id, tag_id) VALUES (267, 24, 38);
INSERT INTO currencies.tags_currency (id, currency_id, tag_id) VALUES (268, 24, 39);
INSERT INTO currencies.tags_currency (id, currency_id, tag_id) VALUES (269, 24, 41);
INSERT INTO currencies.tags_currency (id, currency_id, tag_id) VALUES (270, 24, 43);
INSERT INTO currencies.tags_currency (id, currency_id, tag_id) VALUES (271, 24, 45);
INSERT INTO currencies.tags_currency (id, currency_id, tag_id) VALUES (272, 25, 5);
INSERT INTO currencies.tags_currency (id, currency_id, tag_id) VALUES (273, 25, 6);
INSERT INTO currencies.tags_currency (id, currency_id, tag_id) VALUES (274, 25, 9);
INSERT INTO currencies.tags_currency (id, currency_id, tag_id) VALUES (275, 25, 19);
INSERT INTO currencies.tags_currency (id, currency_id, tag_id) VALUES (276, 25, 20);
INSERT INTO currencies.tags_currency (id, currency_id, tag_id) VALUES (277, 25, 25);
INSERT INTO currencies.tags_currency (id, currency_id, tag_id) VALUES (278, 25, 27);
INSERT INTO currencies.tags_currency (id, currency_id, tag_id) VALUES (279, 25, 36);
INSERT INTO currencies.tags_currency (id, currency_id, tag_id) VALUES (280, 25, 43);
INSERT INTO currencies.tags_currency (id, currency_id, tag_id) VALUES (281, 25, 46);
INSERT INTO currencies.tags_currency (id, currency_id, tag_id) VALUES (282, 25, 80);
INSERT INTO currencies.tags_currency (id, currency_id, tag_id) VALUES (283, 25, 90);
INSERT INTO currencies.tags_currency (id, currency_id, tag_id) VALUES (284, 25, 95);
INSERT INTO currencies.tags_currency (id, currency_id, tag_id) VALUES (285, 25, 96);
INSERT INTO currencies.tags_currency (id, currency_id, tag_id) VALUES (286, 25, 97);
INSERT INTO currencies.tags_currency (id, currency_id, tag_id) VALUES (287, 25, 98);
INSERT INTO currencies.tags_currency (id, currency_id, tag_id) VALUES (288, 25, 99);
INSERT INTO currencies.tags_currency (id, currency_id, tag_id) VALUES (289, 25, 100);
INSERT INTO currencies.tags_currency (id, currency_id, tag_id) VALUES (290, 26, 1);
INSERT INTO currencies.tags_currency (id, currency_id, tag_id) VALUES (291, 26, 10);
INSERT INTO currencies.tags_currency (id, currency_id, tag_id) VALUES (292, 26, 14);
INSERT INTO currencies.tags_currency (id, currency_id, tag_id) VALUES (293, 26, 17);
INSERT INTO currencies.tags_currency (id, currency_id, tag_id) VALUES (294, 26, 28);
INSERT INTO currencies.tags_currency (id, currency_id, tag_id) VALUES (295, 26, 53);
INSERT INTO currencies.tags_currency (id, currency_id, tag_id) VALUES (296, 26, 101);
INSERT INTO currencies.tags_currency (id, currency_id, tag_id) VALUES (297, 26, 102);
INSERT INTO currencies.tags_currency (id, currency_id, tag_id) VALUES (298, 27, 19);
INSERT INTO currencies.tags_currency (id, currency_id, tag_id) VALUES (299, 27, 47);
INSERT INTO currencies.tags_currency (id, currency_id, tag_id) VALUES (300, 27, 51);
INSERT INTO currencies.tags_currency (id, currency_id, tag_id) VALUES (301, 27, 89);
INSERT INTO currencies.tags_currency (id, currency_id, tag_id) VALUES (302, 28, 7);
INSERT INTO currencies.tags_currency (id, currency_id, tag_id) VALUES (303, 28, 13);
INSERT INTO currencies.tags_currency (id, currency_id, tag_id) VALUES (304, 28, 21);
INSERT INTO currencies.tags_currency (id, currency_id, tag_id) VALUES (305, 28, 27);
INSERT INTO currencies.tags_currency (id, currency_id, tag_id) VALUES (306, 28, 32);
INSERT INTO currencies.tags_currency (id, currency_id, tag_id) VALUES (307, 28, 36);
INSERT INTO currencies.tags_currency (id, currency_id, tag_id) VALUES (308, 28, 48);
INSERT INTO currencies.tags_currency (id, currency_id, tag_id) VALUES (309, 28, 49);
INSERT INTO currencies.tags_currency (id, currency_id, tag_id) VALUES (310, 28, 58);
INSERT INTO currencies.tags_currency (id, currency_id, tag_id) VALUES (311, 28, 74);
INSERT INTO currencies.tags_currency (id, currency_id, tag_id) VALUES (312, 28, 103);
INSERT INTO currencies.tags_currency (id, currency_id, tag_id) VALUES (313, 28, 104);
INSERT INTO currencies.tags_currency (id, currency_id, tag_id) VALUES (314, 28, 105);
INSERT INTO currencies.tags_currency (id, currency_id, tag_id) VALUES (315, 29, 1);
INSERT INTO currencies.tags_currency (id, currency_id, tag_id) VALUES (316, 29, 12);
INSERT INTO currencies.tags_currency (id, currency_id, tag_id) VALUES (317, 29, 28);
INSERT INTO currencies.tags_currency (id, currency_id, tag_id) VALUES (318, 29, 31);
INSERT INTO currencies.tags_currency (id, currency_id, tag_id) VALUES (319, 29, 58);
INSERT INTO currencies.tags_currency (id, currency_id, tag_id) VALUES (320, 29, 106);
INSERT INTO currencies.tags_currency (id, currency_id, tag_id) VALUES (321, 30, 12);
INSERT INTO currencies.tags_currency (id, currency_id, tag_id) VALUES (322, 30, 34);
INSERT INTO currencies.tags_currency (id, currency_id, tag_id) VALUES (323, 30, 40);
INSERT INTO currencies.tags_currency (id, currency_id, tag_id) VALUES (324, 30, 51);
INSERT INTO currencies.tags_currency (id, currency_id, tag_id) VALUES (325, 30, 54);
INSERT INTO currencies.tags_currency (id, currency_id, tag_id) VALUES (326, 30, 55);
INSERT INTO currencies.tags_currency (id, currency_id, tag_id) VALUES (327, 30, 107);
INSERT INTO currencies.tags_currency (id, currency_id, tag_id) VALUES (328, 31, 7);
INSERT INTO currencies.tags_currency (id, currency_id, tag_id) VALUES (329, 31, 14);
INSERT INTO currencies.tags_currency (id, currency_id, tag_id) VALUES (330, 31, 20);
INSERT INTO currencies.tags_currency (id, currency_id, tag_id) VALUES (331, 31, 26);
INSERT INTO currencies.tags_currency (id, currency_id, tag_id) VALUES (332, 31, 29);
INSERT INTO currencies.tags_currency (id, currency_id, tag_id) VALUES (333, 31, 31);
INSERT INTO currencies.tags_currency (id, currency_id, tag_id) VALUES (334, 31, 32);
INSERT INTO currencies.tags_currency (id, currency_id, tag_id) VALUES (335, 31, 48);
INSERT INTO currencies.tags_currency (id, currency_id, tag_id) VALUES (336, 31, 49);
INSERT INTO currencies.tags_currency (id, currency_id, tag_id) VALUES (337, 31, 58);
INSERT INTO currencies.tags_currency (id, currency_id, tag_id) VALUES (338, 31, 73);
INSERT INTO currencies.tags_currency (id, currency_id, tag_id) VALUES (339, 31, 74);
INSERT INTO currencies.tags_currency (id, currency_id, tag_id) VALUES (340, 31, 76);
INSERT INTO currencies.tags_currency (id, currency_id, tag_id) VALUES (341, 31, 80);
INSERT INTO currencies.tags_currency (id, currency_id, tag_id) VALUES (342, 31, 95);
INSERT INTO currencies.tags_currency (id, currency_id, tag_id) VALUES (343, 31, 103);
INSERT INTO currencies.tags_currency (id, currency_id, tag_id) VALUES (344, 31, 108);
INSERT INTO currencies.tags_currency (id, currency_id, tag_id) VALUES (345, 31, 109);
INSERT INTO currencies.tags_currency (id, currency_id, tag_id) VALUES (346, 31, 110);
INSERT INTO currencies.tags_currency (id, currency_id, tag_id) VALUES (347, 31, 111);
INSERT INTO currencies.tags_currency (id, currency_id, tag_id) VALUES (348, 31, 112);
INSERT INTO currencies.tags_currency (id, currency_id, tag_id) VALUES (349, 31, 113);
INSERT INTO currencies.tags_currency (id, currency_id, tag_id) VALUES (350, 31, 114);
INSERT INTO currencies.tags_currency (id, currency_id, tag_id) VALUES (351, 31, 115);
INSERT INTO currencies.tags_currency (id, currency_id, tag_id) VALUES (352, 32, 7);
INSERT INTO currencies.tags_currency (id, currency_id, tag_id) VALUES (353, 32, 9);
INSERT INTO currencies.tags_currency (id, currency_id, tag_id) VALUES (354, 32, 10);
INSERT INTO currencies.tags_currency (id, currency_id, tag_id) VALUES (355, 32, 12);
INSERT INTO currencies.tags_currency (id, currency_id, tag_id) VALUES (356, 32, 20);
INSERT INTO currencies.tags_currency (id, currency_id, tag_id) VALUES (357, 32, 22);
INSERT INTO currencies.tags_currency (id, currency_id, tag_id) VALUES (358, 32, 25);
INSERT INTO currencies.tags_currency (id, currency_id, tag_id) VALUES (359, 32, 28);
INSERT INTO currencies.tags_currency (id, currency_id, tag_id) VALUES (360, 32, 32);
INSERT INTO currencies.tags_currency (id, currency_id, tag_id) VALUES (361, 32, 48);
INSERT INTO currencies.tags_currency (id, currency_id, tag_id) VALUES (362, 32, 49);
INSERT INTO currencies.tags_currency (id, currency_id, tag_id) VALUES (363, 32, 76);
INSERT INTO currencies.tags_currency (id, currency_id, tag_id) VALUES (364, 32, 110);
INSERT INTO currencies.tags_currency (id, currency_id, tag_id) VALUES (365, 32, 114);
INSERT INTO currencies.tags_currency (id, currency_id, tag_id) VALUES (366, 32, 116);
INSERT INTO currencies.tags_currency (id, currency_id, tag_id) VALUES (367, 32, 117);
INSERT INTO currencies.tags_currency (id, currency_id, tag_id) VALUES (368, 33, 35);
INSERT INTO currencies.tags_currency (id, currency_id, tag_id) VALUES (369, 33, 68);
INSERT INTO currencies.tags_currency (id, currency_id, tag_id) VALUES (370, 33, 85);
INSERT INTO currencies.tags_currency (id, currency_id, tag_id) VALUES (371, 34, 6);
INSERT INTO currencies.tags_currency (id, currency_id, tag_id) VALUES (372, 34, 27);
INSERT INTO currencies.tags_currency (id, currency_id, tag_id) VALUES (373, 34, 43);
INSERT INTO currencies.tags_currency (id, currency_id, tag_id) VALUES (374, 34, 46);
INSERT INTO currencies.tags_currency (id, currency_id, tag_id) VALUES (375, 34, 80);
INSERT INTO currencies.tags_currency (id, currency_id, tag_id) VALUES (376, 34, 95);
INSERT INTO currencies.tags_currency (id, currency_id, tag_id) VALUES (377, 34, 118);
INSERT INTO currencies.tags_currency (id, currency_id, tag_id) VALUES (378, 35, 36);
INSERT INTO currencies.tags_currency (id, currency_id, tag_id) VALUES (379, 35, 40);
INSERT INTO currencies.tags_currency (id, currency_id, tag_id) VALUES (380, 35, 47);
INSERT INTO currencies.tags_currency (id, currency_id, tag_id) VALUES (381, 35, 53);
INSERT INTO currencies.tags_currency (id, currency_id, tag_id) VALUES (382, 35, 105);
INSERT INTO currencies.tags_currency (id, currency_id, tag_id) VALUES (383, 35, 119);
INSERT INTO currencies.tags_currency (id, currency_id, tag_id) VALUES (384, 36, 8);
INSERT INTO currencies.tags_currency (id, currency_id, tag_id) VALUES (385, 36, 34);
INSERT INTO currencies.tags_currency (id, currency_id, tag_id) VALUES (386, 36, 120);
INSERT INTO currencies.tags_currency (id, currency_id, tag_id) VALUES (387, 36, 121);
INSERT INTO currencies.tags_currency (id, currency_id, tag_id) VALUES (388, 37, 58);
INSERT INTO currencies.tags_currency (id, currency_id, tag_id) VALUES (389, 37, 103);
INSERT INTO currencies.tags_currency (id, currency_id, tag_id) VALUES (390, 38, 7);
INSERT INTO currencies.tags_currency (id, currency_id, tag_id) VALUES (391, 38, 25);
INSERT INTO currencies.tags_currency (id, currency_id, tag_id) VALUES (392, 38, 35);
INSERT INTO currencies.tags_currency (id, currency_id, tag_id) VALUES (393, 38, 43);
INSERT INTO currencies.tags_currency (id, currency_id, tag_id) VALUES (394, 38, 84);
INSERT INTO currencies.tags_currency (id, currency_id, tag_id) VALUES (395, 38, 85);
INSERT INTO currencies.tags_currency (id, currency_id, tag_id) VALUES (396, 38, 95);
INSERT INTO currencies.tags_currency (id, currency_id, tag_id) VALUES (397, 38, 122);
INSERT INTO currencies.tags_currency (id, currency_id, tag_id) VALUES (398, 38, 123);
INSERT INTO currencies.tags_currency (id, currency_id, tag_id) VALUES (399, 39, 31);
INSERT INTO currencies.tags_currency (id, currency_id, tag_id) VALUES (400, 39, 73);
INSERT INTO currencies.tags_currency (id, currency_id, tag_id) VALUES (401, 39, 124);
INSERT INTO currencies.tags_currency (id, currency_id, tag_id) VALUES (402, 39, 125);
INSERT INTO currencies.tags_currency (id, currency_id, tag_id) VALUES (403, 39, 126);
INSERT INTO currencies.tags_currency (id, currency_id, tag_id) VALUES (404, 40, 5);
INSERT INTO currencies.tags_currency (id, currency_id, tag_id) VALUES (405, 40, 6);
INSERT INTO currencies.tags_currency (id, currency_id, tag_id) VALUES (406, 40, 14);
INSERT INTO currencies.tags_currency (id, currency_id, tag_id) VALUES (407, 40, 15);
INSERT INTO currencies.tags_currency (id, currency_id, tag_id) VALUES (408, 40, 33);
INSERT INTO currencies.tags_currency (id, currency_id, tag_id) VALUES (409, 40, 36);
INSERT INTO currencies.tags_currency (id, currency_id, tag_id) VALUES (410, 40, 48);
INSERT INTO currencies.tags_currency (id, currency_id, tag_id) VALUES (411, 40, 49);
INSERT INTO currencies.tags_currency (id, currency_id, tag_id) VALUES (412, 40, 52);
INSERT INTO currencies.tags_currency (id, currency_id, tag_id) VALUES (413, 40, 58);
INSERT INTO currencies.tags_currency (id, currency_id, tag_id) VALUES (414, 40, 59);
INSERT INTO currencies.tags_currency (id, currency_id, tag_id) VALUES (415, 40, 72);
INSERT INTO currencies.tags_currency (id, currency_id, tag_id) VALUES (416, 40, 93);
INSERT INTO currencies.tags_currency (id, currency_id, tag_id) VALUES (417, 40, 120);
INSERT INTO currencies.tags_currency (id, currency_id, tag_id) VALUES (418, 41, 46);
INSERT INTO currencies.tags_currency (id, currency_id, tag_id) VALUES (419, 41, 85);
INSERT INTO currencies.tags_currency (id, currency_id, tag_id) VALUES (420, 42, 3);
INSERT INTO currencies.tags_currency (id, currency_id, tag_id) VALUES (421, 42, 7);
INSERT INTO currencies.tags_currency (id, currency_id, tag_id) VALUES (422, 42, 13);
INSERT INTO currencies.tags_currency (id, currency_id, tag_id) VALUES (423, 42, 14);
INSERT INTO currencies.tags_currency (id, currency_id, tag_id) VALUES (424, 42, 20);
INSERT INTO currencies.tags_currency (id, currency_id, tag_id) VALUES (425, 42, 21);
INSERT INTO currencies.tags_currency (id, currency_id, tag_id) VALUES (426, 42, 24);
INSERT INTO currencies.tags_currency (id, currency_id, tag_id) VALUES (427, 42, 25);
INSERT INTO currencies.tags_currency (id, currency_id, tag_id) VALUES (428, 42, 27);
INSERT INTO currencies.tags_currency (id, currency_id, tag_id) VALUES (429, 42, 43);
INSERT INTO currencies.tags_currency (id, currency_id, tag_id) VALUES (430, 42, 45);
INSERT INTO currencies.tags_currency (id, currency_id, tag_id) VALUES (431, 42, 75);
INSERT INTO currencies.tags_currency (id, currency_id, tag_id) VALUES (432, 42, 80);
INSERT INTO currencies.tags_currency (id, currency_id, tag_id) VALUES (433, 42, 92);
INSERT INTO currencies.tags_currency (id, currency_id, tag_id) VALUES (434, 42, 93);
INSERT INTO currencies.tags_currency (id, currency_id, tag_id) VALUES (435, 42, 95);
INSERT INTO currencies.tags_currency (id, currency_id, tag_id) VALUES (436, 42, 98);
INSERT INTO currencies.tags_currency (id, currency_id, tag_id) VALUES (437, 42, 112);
INSERT INTO currencies.tags_currency (id, currency_id, tag_id) VALUES (438, 43, 6);
INSERT INTO currencies.tags_currency (id, currency_id, tag_id) VALUES (439, 43, 9);
INSERT INTO currencies.tags_currency (id, currency_id, tag_id) VALUES (440, 43, 16);
INSERT INTO currencies.tags_currency (id, currency_id, tag_id) VALUES (441, 43, 19);
INSERT INTO currencies.tags_currency (id, currency_id, tag_id) VALUES (442, 43, 25);
INSERT INTO currencies.tags_currency (id, currency_id, tag_id) VALUES (443, 43, 46);
INSERT INTO currencies.tags_currency (id, currency_id, tag_id) VALUES (444, 43, 56);
INSERT INTO currencies.tags_currency (id, currency_id, tag_id) VALUES (445, 43, 80);
INSERT INTO currencies.tags_currency (id, currency_id, tag_id) VALUES (446, 43, 81);
INSERT INTO currencies.tags_currency (id, currency_id, tag_id) VALUES (447, 43, 95);
INSERT INTO currencies.tags_currency (id, currency_id, tag_id) VALUES (448, 43, 96);
INSERT INTO currencies.tags_currency (id, currency_id, tag_id) VALUES (449, 43, 98);
INSERT INTO currencies.tags_currency (id, currency_id, tag_id) VALUES (450, 43, 99);
INSERT INTO currencies.tags_currency (id, currency_id, tag_id) VALUES (451, 43, 100);
INSERT INTO currencies.tags_currency (id, currency_id, tag_id) VALUES (452, 43, 112);
INSERT INTO currencies.tags_currency (id, currency_id, tag_id) VALUES (453, 44, 5);
INSERT INTO currencies.tags_currency (id, currency_id, tag_id) VALUES (454, 44, 12);
INSERT INTO currencies.tags_currency (id, currency_id, tag_id) VALUES (455, 44, 15);
INSERT INTO currencies.tags_currency (id, currency_id, tag_id) VALUES (456, 44, 16);
INSERT INTO currencies.tags_currency (id, currency_id, tag_id) VALUES (457, 44, 26);
INSERT INTO currencies.tags_currency (id, currency_id, tag_id) VALUES (458, 44, 36);
INSERT INTO currencies.tags_currency (id, currency_id, tag_id) VALUES (459, 44, 42);
INSERT INTO currencies.tags_currency (id, currency_id, tag_id) VALUES (460, 44, 43);
INSERT INTO currencies.tags_currency (id, currency_id, tag_id) VALUES (461, 44, 54);
INSERT INTO currencies.tags_currency (id, currency_id, tag_id) VALUES (462, 44, 56);
INSERT INTO currencies.tags_currency (id, currency_id, tag_id) VALUES (463, 44, 72);
INSERT INTO currencies.tags_currency (id, currency_id, tag_id) VALUES (464, 44, 75);
INSERT INTO currencies.tags_currency (id, currency_id, tag_id) VALUES (465, 44, 76);
INSERT INTO currencies.tags_currency (id, currency_id, tag_id) VALUES (466, 44, 80);
INSERT INTO currencies.tags_currency (id, currency_id, tag_id) VALUES (467, 44, 81);
INSERT INTO currencies.tags_currency (id, currency_id, tag_id) VALUES (468, 44, 93);
INSERT INTO currencies.tags_currency (id, currency_id, tag_id) VALUES (469, 44, 100);
INSERT INTO currencies.tags_currency (id, currency_id, tag_id) VALUES (470, 44, 127);
INSERT INTO currencies.tags_currency (id, currency_id, tag_id) VALUES (471, 44, 128);
INSERT INTO currencies.tags_currency (id, currency_id, tag_id) VALUES (472, 44, 129);
INSERT INTO currencies.tags_currency (id, currency_id, tag_id) VALUES (473, 45, 23);
INSERT INTO currencies.tags_currency (id, currency_id, tag_id) VALUES (474, 45, 26);
INSERT INTO currencies.tags_currency (id, currency_id, tag_id) VALUES (475, 45, 30);
INSERT INTO currencies.tags_currency (id, currency_id, tag_id) VALUES (476, 45, 31);
INSERT INTO currencies.tags_currency (id, currency_id, tag_id) VALUES (477, 45, 33);
INSERT INTO currencies.tags_currency (id, currency_id, tag_id) VALUES (478, 45, 34);
INSERT INTO currencies.tags_currency (id, currency_id, tag_id) VALUES (479, 45, 48);
INSERT INTO currencies.tags_currency (id, currency_id, tag_id) VALUES (480, 45, 49);
INSERT INTO currencies.tags_currency (id, currency_id, tag_id) VALUES (481, 45, 52);
INSERT INTO currencies.tags_currency (id, currency_id, tag_id) VALUES (482, 45, 58);
INSERT INTO currencies.tags_currency (id, currency_id, tag_id) VALUES (483, 45, 60);
INSERT INTO currencies.tags_currency (id, currency_id, tag_id) VALUES (484, 45, 68);
INSERT INTO currencies.tags_currency (id, currency_id, tag_id) VALUES (485, 45, 74);
INSERT INTO currencies.tags_currency (id, currency_id, tag_id) VALUES (486, 46, 31);
INSERT INTO currencies.tags_currency (id, currency_id, tag_id) VALUES (487, 46, 34);
INSERT INTO currencies.tags_currency (id, currency_id, tag_id) VALUES (488, 46, 54);
INSERT INTO currencies.tags_currency (id, currency_id, tag_id) VALUES (489, 46, 130);
INSERT INTO currencies.tags_currency (id, currency_id, tag_id) VALUES (490, 47, 37);
INSERT INTO currencies.tags_currency (id, currency_id, tag_id) VALUES (491, 47, 39);
INSERT INTO currencies.tags_currency (id, currency_id, tag_id) VALUES (492, 47, 43);
INSERT INTO currencies.tags_currency (id, currency_id, tag_id) VALUES (493, 47, 131);
INSERT INTO currencies.tags_currency (id, currency_id, tag_id) VALUES (494, 48, 48);
INSERT INTO currencies.tags_currency (id, currency_id, tag_id) VALUES (495, 48, 49);
INSERT INTO currencies.tags_currency (id, currency_id, tag_id) VALUES (496, 48, 86);
INSERT INTO currencies.tags_currency (id, currency_id, tag_id) VALUES (497, 48, 99);
INSERT INTO currencies.tags_currency (id, currency_id, tag_id) VALUES (498, 48, 108);
INSERT INTO currencies.tags_currency (id, currency_id, tag_id) VALUES (499, 48, 113);
INSERT INTO currencies.tags_currency (id, currency_id, tag_id) VALUES (500, 48, 132);
INSERT INTO currencies.tags_currency (id, currency_id, tag_id) VALUES (501, 48, 133);
INSERT INTO currencies.tags_currency (id, currency_id, tag_id) VALUES (502, 48, 134);
INSERT INTO currencies.tags_currency (id, currency_id, tag_id) VALUES (503, 49, 35);
INSERT INTO currencies.tags_currency (id, currency_id, tag_id) VALUES (504, 49, 48);
INSERT INTO currencies.tags_currency (id, currency_id, tag_id) VALUES (505, 49, 49);
INSERT INTO currencies.tags_currency (id, currency_id, tag_id) VALUES (506, 49, 86);
INSERT INTO currencies.tags_currency (id, currency_id, tag_id) VALUES (507, 49, 104);
INSERT INTO currencies.tags_currency (id, currency_id, tag_id) VALUES (508, 49, 108);
INSERT INTO currencies.tags_currency (id, currency_id, tag_id) VALUES (509, 49, 113);
INSERT INTO currencies.tags_currency (id, currency_id, tag_id) VALUES (510, 49, 132);
INSERT INTO currencies.tags_currency (id, currency_id, tag_id) VALUES (511, 49, 133);
INSERT INTO currencies.tags_currency (id, currency_id, tag_id) VALUES (512, 49, 134);
INSERT INTO currencies.tags_currency (id, currency_id, tag_id) VALUES (513, 50, 7);
INSERT INTO currencies.tags_currency (id, currency_id, tag_id) VALUES (514, 50, 10);
INSERT INTO currencies.tags_currency (id, currency_id, tag_id) VALUES (515, 50, 22);
INSERT INTO currencies.tags_currency (id, currency_id, tag_id) VALUES (516, 50, 30);
INSERT INTO currencies.tags_currency (id, currency_id, tag_id) VALUES (517, 50, 31);
INSERT INTO currencies.tags_currency (id, currency_id, tag_id) VALUES (518, 50, 34);
INSERT INTO currencies.tags_currency (id, currency_id, tag_id) VALUES (519, 50, 54);
INSERT INTO currencies.tags_currency (id, currency_id, tag_id) VALUES (520, 50, 58);
INSERT INTO currencies.tags_currency (id, currency_id, tag_id) VALUES (521, 50, 80);
INSERT INTO currencies.tags_currency (id, currency_id, tag_id) VALUES (522, 50, 108);
INSERT INTO currencies.tags_currency (id, currency_id, tag_id) VALUES (523, 51, 9);
INSERT INTO currencies.tags_currency (id, currency_id, tag_id) VALUES (524, 51, 12);
INSERT INTO currencies.tags_currency (id, currency_id, tag_id) VALUES (525, 51, 15);
INSERT INTO currencies.tags_currency (id, currency_id, tag_id) VALUES (526, 51, 18);
INSERT INTO currencies.tags_currency (id, currency_id, tag_id) VALUES (527, 51, 23);
INSERT INTO currencies.tags_currency (id, currency_id, tag_id) VALUES (528, 51, 28);
INSERT INTO currencies.tags_currency (id, currency_id, tag_id) VALUES (529, 51, 29);
INSERT INTO currencies.tags_currency (id, currency_id, tag_id) VALUES (530, 51, 31);
INSERT INTO currencies.tags_currency (id, currency_id, tag_id) VALUES (531, 51, 32);
INSERT INTO currencies.tags_currency (id, currency_id, tag_id) VALUES (532, 51, 36);
INSERT INTO currencies.tags_currency (id, currency_id, tag_id) VALUES (533, 51, 52);
INSERT INTO currencies.tags_currency (id, currency_id, tag_id) VALUES (534, 51, 58);
INSERT INTO currencies.tags_currency (id, currency_id, tag_id) VALUES (535, 51, 76);
INSERT INTO currencies.tags_currency (id, currency_id, tag_id) VALUES (536, 51, 80);
INSERT INTO currencies.tags_currency (id, currency_id, tag_id) VALUES (537, 51, 108);
INSERT INTO currencies.tags_currency (id, currency_id, tag_id) VALUES (538, 51, 113);
INSERT INTO currencies.tags_currency (id, currency_id, tag_id) VALUES (539, 52, 8);
INSERT INTO currencies.tags_currency (id, currency_id, tag_id) VALUES (540, 52, 14);
INSERT INTO currencies.tags_currency (id, currency_id, tag_id) VALUES (541, 52, 34);
INSERT INTO currencies.tags_currency (id, currency_id, tag_id) VALUES (542, 52, 36);
INSERT INTO currencies.tags_currency (id, currency_id, tag_id) VALUES (543, 52, 45);
INSERT INTO currencies.tags_currency (id, currency_id, tag_id) VALUES (544, 52, 68);
INSERT INTO currencies.tags_currency (id, currency_id, tag_id) VALUES (545, 52, 74);
INSERT INTO currencies.tags_currency (id, currency_id, tag_id) VALUES (546, 52, 86);
INSERT INTO currencies.tags_currency (id, currency_id, tag_id) VALUES (547, 52, 135);
INSERT INTO currencies.tags_currency (id, currency_id, tag_id) VALUES (548, 53, 17);
INSERT INTO currencies.tags_currency (id, currency_id, tag_id) VALUES (549, 53, 31);
INSERT INTO currencies.tags_currency (id, currency_id, tag_id) VALUES (550, 53, 53);
INSERT INTO currencies.tags_currency (id, currency_id, tag_id) VALUES (551, 53, 54);
INSERT INTO currencies.tags_currency (id, currency_id, tag_id) VALUES (552, 53, 68);
INSERT INTO currencies.tags_currency (id, currency_id, tag_id) VALUES (553, 53, 73);
INSERT INTO currencies.tags_currency (id, currency_id, tag_id) VALUES (554, 53, 136);
INSERT INTO currencies.tags_currency (id, currency_id, tag_id) VALUES (555, 54, 18);
INSERT INTO currencies.tags_currency (id, currency_id, tag_id) VALUES (556, 54, 69);
INSERT INTO currencies.tags_currency (id, currency_id, tag_id) VALUES (557, 54, 76);
INSERT INTO currencies.tags_currency (id, currency_id, tag_id) VALUES (558, 54, 80);
INSERT INTO currencies.tags_currency (id, currency_id, tag_id) VALUES (559, 54, 104);
INSERT INTO currencies.tags_currency (id, currency_id, tag_id) VALUES (560, 54, 108);
INSERT INTO currencies.tags_currency (id, currency_id, tag_id) VALUES (561, 54, 113);
INSERT INTO currencies.tags_currency (id, currency_id, tag_id) VALUES (562, 54, 137);
INSERT INTO currencies.tags_currency (id, currency_id, tag_id) VALUES (563, 55, 19);
INSERT INTO currencies.tags_currency (id, currency_id, tag_id) VALUES (564, 55, 52);
INSERT INTO currencies.tags_currency (id, currency_id, tag_id) VALUES (565, 55, 83);
INSERT INTO currencies.tags_currency (id, currency_id, tag_id) VALUES (566, 55, 84);
INSERT INTO currencies.tags_currency (id, currency_id, tag_id) VALUES (567, 55, 85);
INSERT INTO currencies.tags_currency (id, currency_id, tag_id) VALUES (568, 55, 108);
INSERT INTO currencies.tags_currency (id, currency_id, tag_id) VALUES (569, 55, 123);
INSERT INTO currencies.tags_currency (id, currency_id, tag_id) VALUES (570, 55, 134);
INSERT INTO currencies.tags_currency (id, currency_id, tag_id) VALUES (571, 56, 8);
INSERT INTO currencies.tags_currency (id, currency_id, tag_id) VALUES (572, 56, 11);
INSERT INTO currencies.tags_currency (id, currency_id, tag_id) VALUES (573, 56, 25);
INSERT INTO currencies.tags_currency (id, currency_id, tag_id) VALUES (574, 56, 30);
INSERT INTO currencies.tags_currency (id, currency_id, tag_id) VALUES (575, 56, 31);
INSERT INTO currencies.tags_currency (id, currency_id, tag_id) VALUES (576, 56, 58);
INSERT INTO currencies.tags_currency (id, currency_id, tag_id) VALUES (577, 56, 76);
INSERT INTO currencies.tags_currency (id, currency_id, tag_id) VALUES (578, 56, 80);
INSERT INTO currencies.tags_currency (id, currency_id, tag_id) VALUES (579, 56, 86);
INSERT INTO currencies.tags_currency (id, currency_id, tag_id) VALUES (580, 56, 105);
INSERT INTO currencies.tags_currency (id, currency_id, tag_id) VALUES (581, 56, 129);
INSERT INTO currencies.tags_currency (id, currency_id, tag_id) VALUES (582, 56, 138);
INSERT INTO currencies.tags_currency (id, currency_id, tag_id) VALUES (583, 56, 139);
INSERT INTO currencies.tags_currency (id, currency_id, tag_id) VALUES (584, 57, 31);
INSERT INTO currencies.tags_currency (id, currency_id, tag_id) VALUES (585, 57, 34);
INSERT INTO currencies.tags_currency (id, currency_id, tag_id) VALUES (586, 57, 36);
INSERT INTO currencies.tags_currency (id, currency_id, tag_id) VALUES (587, 57, 54);
INSERT INTO currencies.tags_currency (id, currency_id, tag_id) VALUES (588, 57, 56);
INSERT INTO currencies.tags_currency (id, currency_id, tag_id) VALUES (589, 57, 58);
INSERT INTO currencies.tags_currency (id, currency_id, tag_id) VALUES (590, 57, 60);
INSERT INTO currencies.tags_currency (id, currency_id, tag_id) VALUES (591, 57, 80);
INSERT INTO currencies.tags_currency (id, currency_id, tag_id) VALUES (592, 57, 84);
INSERT INTO currencies.tags_currency (id, currency_id, tag_id) VALUES (593, 58, 1);
INSERT INTO currencies.tags_currency (id, currency_id, tag_id) VALUES (594, 58, 2);
INSERT INTO currencies.tags_currency (id, currency_id, tag_id) VALUES (595, 58, 3);
INSERT INTO currencies.tags_currency (id, currency_id, tag_id) VALUES (596, 58, 4);
INSERT INTO currencies.tags_currency (id, currency_id, tag_id) VALUES (597, 58, 28);
INSERT INTO currencies.tags_currency (id, currency_id, tag_id) VALUES (598, 58, 29);
INSERT INTO currencies.tags_currency (id, currency_id, tag_id) VALUES (599, 58, 53);
INSERT INTO currencies.tags_currency (id, currency_id, tag_id) VALUES (600, 59, 10);
INSERT INTO currencies.tags_currency (id, currency_id, tag_id) VALUES (601, 59, 12);
INSERT INTO currencies.tags_currency (id, currency_id, tag_id) VALUES (602, 59, 15);
INSERT INTO currencies.tags_currency (id, currency_id, tag_id) VALUES (603, 59, 33);
INSERT INTO currencies.tags_currency (id, currency_id, tag_id) VALUES (604, 59, 40);
INSERT INTO currencies.tags_currency (id, currency_id, tag_id) VALUES (605, 59, 48);
INSERT INTO currencies.tags_currency (id, currency_id, tag_id) VALUES (606, 59, 49);
INSERT INTO currencies.tags_currency (id, currency_id, tag_id) VALUES (607, 59, 58);
INSERT INTO currencies.tags_currency (id, currency_id, tag_id) VALUES (608, 59, 81);
INSERT INTO currencies.tags_currency (id, currency_id, tag_id) VALUES (609, 59, 108);
INSERT INTO currencies.tags_currency (id, currency_id, tag_id) VALUES (610, 59, 113);
INSERT INTO currencies.tags_currency (id, currency_id, tag_id) VALUES (611, 59, 132);
INSERT INTO currencies.tags_currency (id, currency_id, tag_id) VALUES (612, 59, 134);
INSERT INTO currencies.tags_currency (id, currency_id, tag_id) VALUES (613, 60, 5);
INSERT INTO currencies.tags_currency (id, currency_id, tag_id) VALUES (614, 60, 6);
INSERT INTO currencies.tags_currency (id, currency_id, tag_id) VALUES (615, 60, 16);
INSERT INTO currencies.tags_currency (id, currency_id, tag_id) VALUES (616, 60, 19);
INSERT INTO currencies.tags_currency (id, currency_id, tag_id) VALUES (617, 60, 27);
INSERT INTO currencies.tags_currency (id, currency_id, tag_id) VALUES (618, 60, 45);
INSERT INTO currencies.tags_currency (id, currency_id, tag_id) VALUES (619, 60, 46);
INSERT INTO currencies.tags_currency (id, currency_id, tag_id) VALUES (620, 60, 50);
INSERT INTO currencies.tags_currency (id, currency_id, tag_id) VALUES (621, 60, 56);
INSERT INTO currencies.tags_currency (id, currency_id, tag_id) VALUES (622, 60, 68);
INSERT INTO currencies.tags_currency (id, currency_id, tag_id) VALUES (623, 60, 75);
INSERT INTO currencies.tags_currency (id, currency_id, tag_id) VALUES (624, 60, 80);
INSERT INTO currencies.tags_currency (id, currency_id, tag_id) VALUES (625, 60, 90);
INSERT INTO currencies.tags_currency (id, currency_id, tag_id) VALUES (626, 60, 92);
INSERT INTO currencies.tags_currency (id, currency_id, tag_id) VALUES (627, 60, 95);
INSERT INTO currencies.tags_currency (id, currency_id, tag_id) VALUES (628, 60, 96);
INSERT INTO currencies.tags_currency (id, currency_id, tag_id) VALUES (629, 60, 98);
INSERT INTO currencies.tags_currency (id, currency_id, tag_id) VALUES (630, 60, 99);
INSERT INTO currencies.tags_currency (id, currency_id, tag_id) VALUES (631, 60, 100);
INSERT INTO currencies.tags_currency (id, currency_id, tag_id) VALUES (632, 60, 140);
INSERT INTO currencies.tags_currency (id, currency_id, tag_id) VALUES (633, 60, 141);
INSERT INTO currencies.tags_currency (id, currency_id, tag_id) VALUES (634, 60, 142);
INSERT INTO currencies.tags_currency (id, currency_id, tag_id) VALUES (635, 61, 19);
INSERT INTO currencies.tags_currency (id, currency_id, tag_id) VALUES (636, 61, 26);
INSERT INTO currencies.tags_currency (id, currency_id, tag_id) VALUES (637, 61, 35);
INSERT INTO currencies.tags_currency (id, currency_id, tag_id) VALUES (638, 61, 42);
INSERT INTO currencies.tags_currency (id, currency_id, tag_id) VALUES (639, 61, 69);
INSERT INTO currencies.tags_currency (id, currency_id, tag_id) VALUES (640, 61, 76);
INSERT INTO currencies.tags_currency (id, currency_id, tag_id) VALUES (641, 61, 81);
INSERT INTO currencies.tags_currency (id, currency_id, tag_id) VALUES (642, 61, 84);
INSERT INTO currencies.tags_currency (id, currency_id, tag_id) VALUES (643, 61, 108);
INSERT INTO currencies.tags_currency (id, currency_id, tag_id) VALUES (644, 61, 113);
INSERT INTO currencies.tags_currency (id, currency_id, tag_id) VALUES (645, 61, 114);
INSERT INTO currencies.tags_currency (id, currency_id, tag_id) VALUES (646, 61, 129);
INSERT INTO currencies.tags_currency (id, currency_id, tag_id) VALUES (647, 61, 134);
INSERT INTO currencies.tags_currency (id, currency_id, tag_id) VALUES (648, 61, 137);
INSERT INTO currencies.tags_currency (id, currency_id, tag_id) VALUES (649, 61, 143);
INSERT INTO currencies.tags_currency (id, currency_id, tag_id) VALUES (650, 61, 144);
INSERT INTO currencies.tags_currency (id, currency_id, tag_id) VALUES (651, 62, 95);
INSERT INTO currencies.tags_currency (id, currency_id, tag_id) VALUES (652, 62, 98);
INSERT INTO currencies.tags_currency (id, currency_id, tag_id) VALUES (653, 62, 104);
INSERT INTO currencies.tags_currency (id, currency_id, tag_id) VALUES (654, 62, 108);
INSERT INTO currencies.tags_currency (id, currency_id, tag_id) VALUES (655, 62, 113);
INSERT INTO currencies.tags_currency (id, currency_id, tag_id) VALUES (656, 62, 133);
INSERT INTO currencies.tags_currency (id, currency_id, tag_id) VALUES (657, 62, 134);
INSERT INTO currencies.tags_currency (id, currency_id, tag_id) VALUES (658, 62, 145);
INSERT INTO currencies.tags_currency (id, currency_id, tag_id) VALUES (659, 63, 3);
INSERT INTO currencies.tags_currency (id, currency_id, tag_id) VALUES (660, 63, 37);
INSERT INTO currencies.tags_currency (id, currency_id, tag_id) VALUES (661, 63, 38);
INSERT INTO currencies.tags_currency (id, currency_id, tag_id) VALUES (662, 63, 39);
INSERT INTO currencies.tags_currency (id, currency_id, tag_id) VALUES (663, 63, 45);
INSERT INTO currencies.tags_currency (id, currency_id, tag_id) VALUES (664, 64, 31);
INSERT INTO currencies.tags_currency (id, currency_id, tag_id) VALUES (665, 64, 54);
INSERT INTO currencies.tags_currency (id, currency_id, tag_id) VALUES (666, 64, 58);
INSERT INTO currencies.tags_currency (id, currency_id, tag_id) VALUES (667, 65, 26);
INSERT INTO currencies.tags_currency (id, currency_id, tag_id) VALUES (668, 65, 36);
INSERT INTO currencies.tags_currency (id, currency_id, tag_id) VALUES (669, 65, 74);
INSERT INTO currencies.tags_currency (id, currency_id, tag_id) VALUES (670, 65, 80);
INSERT INTO currencies.tags_currency (id, currency_id, tag_id) VALUES (671, 65, 90);
INSERT INTO currencies.tags_currency (id, currency_id, tag_id) VALUES (672, 65, 105);
INSERT INTO currencies.tags_currency (id, currency_id, tag_id) VALUES (673, 65, 146);
INSERT INTO currencies.tags_currency (id, currency_id, tag_id) VALUES (674, 66, 8);
INSERT INTO currencies.tags_currency (id, currency_id, tag_id) VALUES (675, 66, 16);
INSERT INTO currencies.tags_currency (id, currency_id, tag_id) VALUES (676, 66, 32);
INSERT INTO currencies.tags_currency (id, currency_id, tag_id) VALUES (677, 66, 36);
INSERT INTO currencies.tags_currency (id, currency_id, tag_id) VALUES (678, 66, 52);
INSERT INTO currencies.tags_currency (id, currency_id, tag_id) VALUES (679, 66, 68);
INSERT INTO currencies.tags_currency (id, currency_id, tag_id) VALUES (680, 66, 80);
INSERT INTO currencies.tags_currency (id, currency_id, tag_id) VALUES (681, 66, 86);
INSERT INTO currencies.tags_currency (id, currency_id, tag_id) VALUES (682, 66, 105);
INSERT INTO currencies.tags_currency (id, currency_id, tag_id) VALUES (683, 66, 112);
INSERT INTO currencies.tags_currency (id, currency_id, tag_id) VALUES (684, 67, 45);
INSERT INTO currencies.tags_currency (id, currency_id, tag_id) VALUES (685, 67, 147);
INSERT INTO currencies.tags_currency (id, currency_id, tag_id) VALUES (686, 68, 147);
INSERT INTO currencies.tags_currency (id, currency_id, tag_id) VALUES (687, 69, 34);
INSERT INTO currencies.tags_currency (id, currency_id, tag_id) VALUES (688, 70, 5);
INSERT INTO currencies.tags_currency (id, currency_id, tag_id) VALUES (689, 70, 12);
INSERT INTO currencies.tags_currency (id, currency_id, tag_id) VALUES (690, 70, 20);
INSERT INTO currencies.tags_currency (id, currency_id, tag_id) VALUES (691, 70, 34);
INSERT INTO currencies.tags_currency (id, currency_id, tag_id) VALUES (692, 70, 48);
INSERT INTO currencies.tags_currency (id, currency_id, tag_id) VALUES (693, 70, 49);
INSERT INTO currencies.tags_currency (id, currency_id, tag_id) VALUES (694, 70, 58);
INSERT INTO currencies.tags_currency (id, currency_id, tag_id) VALUES (695, 70, 59);
INSERT INTO currencies.tags_currency (id, currency_id, tag_id) VALUES (696, 70, 72);
INSERT INTO currencies.tags_currency (id, currency_id, tag_id) VALUES (697, 70, 108);
INSERT INTO currencies.tags_currency (id, currency_id, tag_id) VALUES (698, 70, 128);
INSERT INTO currencies.tags_currency (id, currency_id, tag_id) VALUES (699, 70, 133);
INSERT INTO currencies.tags_currency (id, currency_id, tag_id) VALUES (700, 71, 80);
INSERT INTO currencies.tags_currency (id, currency_id, tag_id) VALUES (701, 71, 118);
INSERT INTO currencies.tags_currency (id, currency_id, tag_id) VALUES (702, 72, 34);
INSERT INTO currencies.tags_currency (id, currency_id, tag_id) VALUES (703, 72, 40);
INSERT INTO currencies.tags_currency (id, currency_id, tag_id) VALUES (704, 72, 48);
INSERT INTO currencies.tags_currency (id, currency_id, tag_id) VALUES (705, 72, 49);
INSERT INTO currencies.tags_currency (id, currency_id, tag_id) VALUES (706, 72, 104);
INSERT INTO currencies.tags_currency (id, currency_id, tag_id) VALUES (707, 72, 108);
INSERT INTO currencies.tags_currency (id, currency_id, tag_id) VALUES (708, 72, 148);
INSERT INTO currencies.tags_currency (id, currency_id, tag_id) VALUES (709, 73, 68);
INSERT INTO currencies.tags_currency (id, currency_id, tag_id) VALUES (710, 73, 81);
INSERT INTO currencies.tags_currency (id, currency_id, tag_id) VALUES (711, 73, 108);
INSERT INTO currencies.tags_currency (id, currency_id, tag_id) VALUES (712, 73, 132);
INSERT INTO currencies.tags_currency (id, currency_id, tag_id) VALUES (713, 73, 134);
INSERT INTO currencies.tags_currency (id, currency_id, tag_id) VALUES (714, 73, 139);
INSERT INTO currencies.tags_currency (id, currency_id, tag_id) VALUES (715, 74, 36);
INSERT INTO currencies.tags_currency (id, currency_id, tag_id) VALUES (716, 74, 54);
INSERT INTO currencies.tags_currency (id, currency_id, tag_id) VALUES (717, 74, 58);
INSERT INTO currencies.tags_currency (id, currency_id, tag_id) VALUES (718, 75, 47);
INSERT INTO currencies.tags_currency (id, currency_id, tag_id) VALUES (719, 75, 51);
INSERT INTO currencies.tags_currency (id, currency_id, tag_id) VALUES (720, 75, 89);
INSERT INTO currencies.tags_currency (id, currency_id, tag_id) VALUES (721, 75, 149);
INSERT INTO currencies.tags_currency (id, currency_id, tag_id) VALUES (722, 76, 41);
INSERT INTO currencies.tags_currency (id, currency_id, tag_id) VALUES (723, 76, 43);
INSERT INTO currencies.tags_currency (id, currency_id, tag_id) VALUES (724, 76, 74);
INSERT INTO currencies.tags_currency (id, currency_id, tag_id) VALUES (725, 76, 80);
INSERT INTO currencies.tags_currency (id, currency_id, tag_id) VALUES (726, 76, 118);
INSERT INTO currencies.tags_currency (id, currency_id, tag_id) VALUES (727, 76, 150);
INSERT INTO currencies.tags_currency (id, currency_id, tag_id) VALUES (728, 76, 151);
INSERT INTO currencies.tags_currency (id, currency_id, tag_id) VALUES (729, 77, 53);
INSERT INTO currencies.tags_currency (id, currency_id, tag_id) VALUES (730, 77, 68);
INSERT INTO currencies.tags_currency (id, currency_id, tag_id) VALUES (731, 77, 107);
INSERT INTO currencies.tags_currency (id, currency_id, tag_id) VALUES (732, 77, 126);
INSERT INTO currencies.tags_currency (id, currency_id, tag_id) VALUES (733, 77, 152);
INSERT INTO currencies.tags_currency (id, currency_id, tag_id) VALUES (734, 78, 1);
INSERT INTO currencies.tags_currency (id, currency_id, tag_id) VALUES (735, 78, 10);
INSERT INTO currencies.tags_currency (id, currency_id, tag_id) VALUES (736, 78, 12);
INSERT INTO currencies.tags_currency (id, currency_id, tag_id) VALUES (737, 78, 14);
INSERT INTO currencies.tags_currency (id, currency_id, tag_id) VALUES (738, 78, 22);
INSERT INTO currencies.tags_currency (id, currency_id, tag_id) VALUES (739, 78, 24);
INSERT INTO currencies.tags_currency (id, currency_id, tag_id) VALUES (740, 78, 25);
INSERT INTO currencies.tags_currency (id, currency_id, tag_id) VALUES (741, 78, 28);
INSERT INTO currencies.tags_currency (id, currency_id, tag_id) VALUES (742, 78, 32);
INSERT INTO currencies.tags_currency (id, currency_id, tag_id) VALUES (743, 78, 45);
INSERT INTO currencies.tags_currency (id, currency_id, tag_id) VALUES (744, 78, 53);
INSERT INTO currencies.tags_currency (id, currency_id, tag_id) VALUES (745, 78, 73);
INSERT INTO currencies.tags_currency (id, currency_id, tag_id) VALUES (746, 78, 78);
INSERT INTO currencies.tags_currency (id, currency_id, tag_id) VALUES (747, 78, 83);
INSERT INTO currencies.tags_currency (id, currency_id, tag_id) VALUES (748, 78, 101);
INSERT INTO currencies.tags_currency (id, currency_id, tag_id) VALUES (749, 78, 153);
INSERT INTO currencies.tags_currency (id, currency_id, tag_id) VALUES (750, 79, 32);
INSERT INTO currencies.tags_currency (id, currency_id, tag_id) VALUES (751, 79, 52);
INSERT INTO currencies.tags_currency (id, currency_id, tag_id) VALUES (752, 79, 54);
INSERT INTO currencies.tags_currency (id, currency_id, tag_id) VALUES (753, 79, 66);
INSERT INTO currencies.tags_currency (id, currency_id, tag_id) VALUES (754, 79, 76);
INSERT INTO currencies.tags_currency (id, currency_id, tag_id) VALUES (755, 80, 5);
INSERT INTO currencies.tags_currency (id, currency_id, tag_id) VALUES (756, 80, 8);
INSERT INTO currencies.tags_currency (id, currency_id, tag_id) VALUES (757, 80, 14);
INSERT INTO currencies.tags_currency (id, currency_id, tag_id) VALUES (758, 80, 20);
INSERT INTO currencies.tags_currency (id, currency_id, tag_id) VALUES (759, 80, 34);
INSERT INTO currencies.tags_currency (id, currency_id, tag_id) VALUES (760, 80, 154);
INSERT INTO currencies.tags_currency (id, currency_id, tag_id) VALUES (761, 81, 19);
INSERT INTO currencies.tags_currency (id, currency_id, tag_id) VALUES (762, 81, 26);
INSERT INTO currencies.tags_currency (id, currency_id, tag_id) VALUES (763, 81, 33);
INSERT INTO currencies.tags_currency (id, currency_id, tag_id) VALUES (764, 81, 40);
INSERT INTO currencies.tags_currency (id, currency_id, tag_id) VALUES (765, 81, 47);
INSERT INTO currencies.tags_currency (id, currency_id, tag_id) VALUES (766, 81, 51);
INSERT INTO currencies.tags_currency (id, currency_id, tag_id) VALUES (767, 81, 89);
INSERT INTO currencies.tags_currency (id, currency_id, tag_id) VALUES (768, 81, 149);
INSERT INTO currencies.tags_currency (id, currency_id, tag_id) VALUES (769, 82, 8);
INSERT INTO currencies.tags_currency (id, currency_id, tag_id) VALUES (770, 82, 45);
INSERT INTO currencies.tags_currency (id, currency_id, tag_id) VALUES (771, 82, 48);
INSERT INTO currencies.tags_currency (id, currency_id, tag_id) VALUES (772, 82, 49);
INSERT INTO currencies.tags_currency (id, currency_id, tag_id) VALUES (773, 82, 58);
INSERT INTO currencies.tags_currency (id, currency_id, tag_id) VALUES (774, 82, 59);
INSERT INTO currencies.tags_currency (id, currency_id, tag_id) VALUES (775, 82, 70);
INSERT INTO currencies.tags_currency (id, currency_id, tag_id) VALUES (776, 82, 76);
INSERT INTO currencies.tags_currency (id, currency_id, tag_id) VALUES (777, 82, 86);
INSERT INTO currencies.tags_currency (id, currency_id, tag_id) VALUES (778, 82, 103);
INSERT INTO currencies.tags_currency (id, currency_id, tag_id) VALUES (779, 82, 110);
INSERT INTO currencies.tags_currency (id, currency_id, tag_id) VALUES (780, 82, 114);
INSERT INTO currencies.tags_currency (id, currency_id, tag_id) VALUES (781, 82, 116);
INSERT INTO currencies.tags_currency (id, currency_id, tag_id) VALUES (782, 83, 16);
INSERT INTO currencies.tags_currency (id, currency_id, tag_id) VALUES (783, 83, 19);
INSERT INTO currencies.tags_currency (id, currency_id, tag_id) VALUES (784, 83, 43);
INSERT INTO currencies.tags_currency (id, currency_id, tag_id) VALUES (785, 83, 46);
INSERT INTO currencies.tags_currency (id, currency_id, tag_id) VALUES (786, 83, 56);
INSERT INTO currencies.tags_currency (id, currency_id, tag_id) VALUES (787, 83, 68);
INSERT INTO currencies.tags_currency (id, currency_id, tag_id) VALUES (788, 83, 80);
INSERT INTO currencies.tags_currency (id, currency_id, tag_id) VALUES (789, 83, 81);
INSERT INTO currencies.tags_currency (id, currency_id, tag_id) VALUES (790, 83, 90);
INSERT INTO currencies.tags_currency (id, currency_id, tag_id) VALUES (791, 83, 95);
INSERT INTO currencies.tags_currency (id, currency_id, tag_id) VALUES (792, 83, 96);
INSERT INTO currencies.tags_currency (id, currency_id, tag_id) VALUES (793, 83, 97);
INSERT INTO currencies.tags_currency (id, currency_id, tag_id) VALUES (794, 83, 98);
INSERT INTO currencies.tags_currency (id, currency_id, tag_id) VALUES (795, 84, 1);
INSERT INTO currencies.tags_currency (id, currency_id, tag_id) VALUES (796, 84, 18);
INSERT INTO currencies.tags_currency (id, currency_id, tag_id) VALUES (797, 84, 28);
INSERT INTO currencies.tags_currency (id, currency_id, tag_id) VALUES (798, 84, 31);
INSERT INTO currencies.tags_currency (id, currency_id, tag_id) VALUES (799, 84, 36);
INSERT INTO currencies.tags_currency (id, currency_id, tag_id) VALUES (800, 84, 40);
INSERT INTO currencies.tags_currency (id, currency_id, tag_id) VALUES (801, 84, 45);
INSERT INTO currencies.tags_currency (id, currency_id, tag_id) VALUES (802, 84, 58);
INSERT INTO currencies.tags_currency (id, currency_id, tag_id) VALUES (803, 84, 59);
INSERT INTO currencies.tags_currency (id, currency_id, tag_id) VALUES (804, 84, 60);
INSERT INTO currencies.tags_currency (id, currency_id, tag_id) VALUES (805, 84, 68);
INSERT INTO currencies.tags_currency (id, currency_id, tag_id) VALUES (806, 84, 76);
INSERT INTO currencies.tags_currency (id, currency_id, tag_id) VALUES (807, 84, 80);
INSERT INTO currencies.tags_currency (id, currency_id, tag_id) VALUES (808, 84, 108);
INSERT INTO currencies.tags_currency (id, currency_id, tag_id) VALUES (809, 84, 155);
INSERT INTO currencies.tags_currency (id, currency_id, tag_id) VALUES (810, 85, 5);
INSERT INTO currencies.tags_currency (id, currency_id, tag_id) VALUES (811, 85, 6);
INSERT INTO currencies.tags_currency (id, currency_id, tag_id) VALUES (812, 85, 7);
INSERT INTO currencies.tags_currency (id, currency_id, tag_id) VALUES (813, 85, 30);
INSERT INTO currencies.tags_currency (id, currency_id, tag_id) VALUES (814, 85, 59);
INSERT INTO currencies.tags_currency (id, currency_id, tag_id) VALUES (815, 85, 83);
INSERT INTO currencies.tags_currency (id, currency_id, tag_id) VALUES (816, 86, 47);
INSERT INTO currencies.tags_currency (id, currency_id, tag_id) VALUES (817, 86, 51);
INSERT INTO currencies.tags_currency (id, currency_id, tag_id) VALUES (818, 86, 67);
INSERT INTO currencies.tags_currency (id, currency_id, tag_id) VALUES (819, 86, 89);
INSERT INTO currencies.tags_currency (id, currency_id, tag_id) VALUES (820, 86, 149);
INSERT INTO currencies.tags_currency (id, currency_id, tag_id) VALUES (821, 87, 3);
INSERT INTO currencies.tags_currency (id, currency_id, tag_id) VALUES (822, 87, 5);
INSERT INTO currencies.tags_currency (id, currency_id, tag_id) VALUES (823, 87, 8);
INSERT INTO currencies.tags_currency (id, currency_id, tag_id) VALUES (824, 87, 18);
INSERT INTO currencies.tags_currency (id, currency_id, tag_id) VALUES (825, 87, 25);
INSERT INTO currencies.tags_currency (id, currency_id, tag_id) VALUES (826, 87, 32);
INSERT INTO currencies.tags_currency (id, currency_id, tag_id) VALUES (827, 87, 33);
INSERT INTO currencies.tags_currency (id, currency_id, tag_id) VALUES (828, 87, 36);
INSERT INTO currencies.tags_currency (id, currency_id, tag_id) VALUES (829, 87, 40);
INSERT INTO currencies.tags_currency (id, currency_id, tag_id) VALUES (830, 87, 42);
INSERT INTO currencies.tags_currency (id, currency_id, tag_id) VALUES (831, 87, 48);
INSERT INTO currencies.tags_currency (id, currency_id, tag_id) VALUES (832, 87, 49);
INSERT INTO currencies.tags_currency (id, currency_id, tag_id) VALUES (833, 87, 52);
INSERT INTO currencies.tags_currency (id, currency_id, tag_id) VALUES (834, 87, 80);
INSERT INTO currencies.tags_currency (id, currency_id, tag_id) VALUES (835, 87, 105);
INSERT INTO currencies.tags_currency (id, currency_id, tag_id) VALUES (836, 87, 156);
INSERT INTO currencies.tags_currency (id, currency_id, tag_id) VALUES (837, 88, 45);
INSERT INTO currencies.tags_currency (id, currency_id, tag_id) VALUES (838, 88, 81);
INSERT INTO currencies.tags_currency (id, currency_id, tag_id) VALUES (839, 88, 109);
INSERT INTO currencies.tags_currency (id, currency_id, tag_id) VALUES (840, 89, 65);
INSERT INTO currencies.tags_currency (id, currency_id, tag_id) VALUES (841, 90, 6);
INSERT INTO currencies.tags_currency (id, currency_id, tag_id) VALUES (842, 90, 27);
INSERT INTO currencies.tags_currency (id, currency_id, tag_id) VALUES (843, 90, 75);
INSERT INTO currencies.tags_currency (id, currency_id, tag_id) VALUES (844, 90, 80);
INSERT INTO currencies.tags_currency (id, currency_id, tag_id) VALUES (845, 90, 83);
INSERT INTO currencies.tags_currency (id, currency_id, tag_id) VALUES (846, 90, 140);
INSERT INTO currencies.tags_currency (id, currency_id, tag_id) VALUES (847, 91, 5);
INSERT INTO currencies.tags_currency (id, currency_id, tag_id) VALUES (848, 91, 6);
INSERT INTO currencies.tags_currency (id, currency_id, tag_id) VALUES (849, 91, 7);
INSERT INTO currencies.tags_currency (id, currency_id, tag_id) VALUES (850, 91, 13);
INSERT INTO currencies.tags_currency (id, currency_id, tag_id) VALUES (851, 91, 19);
INSERT INTO currencies.tags_currency (id, currency_id, tag_id) VALUES (852, 91, 20);
INSERT INTO currencies.tags_currency (id, currency_id, tag_id) VALUES (853, 91, 25);
INSERT INTO currencies.tags_currency (id, currency_id, tag_id) VALUES (854, 91, 27);
INSERT INTO currencies.tags_currency (id, currency_id, tag_id) VALUES (855, 91, 43);
INSERT INTO currencies.tags_currency (id, currency_id, tag_id) VALUES (856, 91, 45);
INSERT INTO currencies.tags_currency (id, currency_id, tag_id) VALUES (857, 91, 80);
INSERT INTO currencies.tags_currency (id, currency_id, tag_id) VALUES (858, 91, 95);
INSERT INTO currencies.tags_currency (id, currency_id, tag_id) VALUES (859, 91, 96);
INSERT INTO currencies.tags_currency (id, currency_id, tag_id) VALUES (860, 91, 112);
INSERT INTO currencies.tags_currency (id, currency_id, tag_id) VALUES (861, 92, 40);
INSERT INTO currencies.tags_currency (id, currency_id, tag_id) VALUES (862, 92, 49);
INSERT INTO currencies.tags_currency (id, currency_id, tag_id) VALUES (863, 92, 61);
INSERT INTO currencies.tags_currency (id, currency_id, tag_id) VALUES (864, 92, 141);
INSERT INTO currencies.tags_currency (id, currency_id, tag_id) VALUES (865, 93, 41);
INSERT INTO currencies.tags_currency (id, currency_id, tag_id) VALUES (866, 93, 43);
INSERT INTO currencies.tags_currency (id, currency_id, tag_id) VALUES (867, 93, 140);
INSERT INTO currencies.tags_currency (id, currency_id, tag_id) VALUES (868, 93, 146);
INSERT INTO currencies.tags_currency (id, currency_id, tag_id) VALUES (869, 94, 64);
INSERT INTO currencies.tags_currency (id, currency_id, tag_id) VALUES (870, 94, 65);
INSERT INTO currencies.tags_currency (id, currency_id, tag_id) VALUES (871, 95, 70);
INSERT INTO currencies.tags_currency (id, currency_id, tag_id) VALUES (872, 95, 108);
INSERT INTO currencies.tags_currency (id, currency_id, tag_id) VALUES (873, 95, 143);
INSERT INTO currencies.tags_currency (id, currency_id, tag_id) VALUES (874, 96, 6);
INSERT INTO currencies.tags_currency (id, currency_id, tag_id) VALUES (875, 96, 36);
INSERT INTO currencies.tags_currency (id, currency_id, tag_id) VALUES (876, 96, 43);
INSERT INTO currencies.tags_currency (id, currency_id, tag_id) VALUES (877, 96, 45);
INSERT INTO currencies.tags_currency (id, currency_id, tag_id) VALUES (878, 96, 47);
INSERT INTO currencies.tags_currency (id, currency_id, tag_id) VALUES (879, 96, 74);
INSERT INTO currencies.tags_currency (id, currency_id, tag_id) VALUES (880, 96, 81);
INSERT INTO currencies.tags_currency (id, currency_id, tag_id) VALUES (881, 96, 157);
INSERT INTO currencies.tags_currency (id, currency_id, tag_id) VALUES (882, 96, 158);
INSERT INTO currencies.tags_currency (id, currency_id, tag_id) VALUES (883, 97, 3);
INSERT INTO currencies.tags_currency (id, currency_id, tag_id) VALUES (884, 97, 37);
INSERT INTO currencies.tags_currency (id, currency_id, tag_id) VALUES (885, 97, 38);
INSERT INTO currencies.tags_currency (id, currency_id, tag_id) VALUES (886, 97, 39);
INSERT INTO currencies.tags_currency (id, currency_id, tag_id) VALUES (887, 98, 68);
INSERT INTO currencies.tags_currency (id, currency_id, tag_id) VALUES (888, 99, 66);
INSERT INTO currencies.tags_currency (id, currency_id, tag_id) VALUES (889, 99, 77);
INSERT INTO currencies.tags_currency (id, currency_id, tag_id) VALUES (890, 99, 79);
INSERT INTO currencies.tags_currency (id, currency_id, tag_id) VALUES (891, 100, 28);
INSERT INTO currencies.tags_currency (id, currency_id, tag_id) VALUES (892, 100, 49);
INSERT INTO currencies.tags_currency (id, currency_id, tag_id) VALUES (893, 100, 53);
INSERT INTO currencies.tags_currency (id, currency_id, tag_id) VALUES (894, 100, 95);
INSERT INTO currencies.tags_currency (id, currency_id, tag_id) VALUES (895, 100, 98);
INSERT INTO currencies.tags_currency (id, currency_id, tag_id) VALUES (896, 100, 101);
INSERT INTO currencies.tags_currency (id, currency_id, tag_id) VALUES (897, 100, 159);
INSERT INTO currencies.tags_currency (id, currency_id, tag_id) VALUES (898, 100, 160);
INSERT INTO currencies.tags_currency (id, currency_id, tag_id) VALUES (899, 100, 161);
INSERT INTO currencies.tags_currency (id, currency_id, tag_id) VALUES (900, 101, 36);
INSERT INTO currencies.tags_currency (id, currency_id, tag_id) VALUES (901, 101, 76);
INSERT INTO currencies.tags_currency (id, currency_id, tag_id) VALUES (902, 101, 105);
INSERT INTO currencies.tags_currency (id, currency_id, tag_id) VALUES (903, 101, 114);
INSERT INTO currencies.tags_currency (id, currency_id, tag_id) VALUES (904, 101, 129);
INSERT INTO currencies.tags_currency (id, currency_id, tag_id) VALUES (905, 102, 31);
INSERT INTO currencies.tags_currency (id, currency_id, tag_id) VALUES (906, 102, 80);
INSERT INTO currencies.tags_currency (id, currency_id, tag_id) VALUES (907, 102, 90);
INSERT INTO currencies.tags_currency (id, currency_id, tag_id) VALUES (908, 102, 96);
INSERT INTO currencies.tags_currency (id, currency_id, tag_id) VALUES (909, 102, 97);
INSERT INTO currencies.tags_currency (id, currency_id, tag_id) VALUES (910, 102, 98);
INSERT INTO currencies.tags_currency (id, currency_id, tag_id) VALUES (911, 102, 108);
INSERT INTO currencies.tags_currency (id, currency_id, tag_id) VALUES (912, 102, 121);
INSERT INTO currencies.tags_currency (id, currency_id, tag_id) VALUES (913, 102, 139);
INSERT INTO currencies.tags_currency (id, currency_id, tag_id) VALUES (914, 102, 146);
INSERT INTO currencies.tags_currency (id, currency_id, tag_id) VALUES (915, 103, 47);
INSERT INTO currencies.tags_currency (id, currency_id, tag_id) VALUES (916, 103, 51);
INSERT INTO currencies.tags_currency (id, currency_id, tag_id) VALUES (917, 103, 89);
INSERT INTO currencies.tags_currency (id, currency_id, tag_id) VALUES (918, 104, 5);
INSERT INTO currencies.tags_currency (id, currency_id, tag_id) VALUES (919, 104, 9);
INSERT INTO currencies.tags_currency (id, currency_id, tag_id) VALUES (920, 104, 20);
INSERT INTO currencies.tags_currency (id, currency_id, tag_id) VALUES (921, 104, 26);
INSERT INTO currencies.tags_currency (id, currency_id, tag_id) VALUES (922, 104, 42);
INSERT INTO currencies.tags_currency (id, currency_id, tag_id) VALUES (923, 104, 52);
INSERT INTO currencies.tags_currency (id, currency_id, tag_id) VALUES (924, 104, 76);
INSERT INTO currencies.tags_currency (id, currency_id, tag_id) VALUES (925, 104, 110);
INSERT INTO currencies.tags_currency (id, currency_id, tag_id) VALUES (926, 104, 114);
INSERT INTO currencies.tags_currency (id, currency_id, tag_id) VALUES (927, 104, 116);
INSERT INTO currencies.tags_currency (id, currency_id, tag_id) VALUES (928, 105, 7);
INSERT INTO currencies.tags_currency (id, currency_id, tag_id) VALUES (929, 105, 28);
INSERT INTO currencies.tags_currency (id, currency_id, tag_id) VALUES (930, 105, 31);
INSERT INTO currencies.tags_currency (id, currency_id, tag_id) VALUES (931, 105, 33);
INSERT INTO currencies.tags_currency (id, currency_id, tag_id) VALUES (932, 105, 40);
INSERT INTO currencies.tags_currency (id, currency_id, tag_id) VALUES (933, 105, 45);
INSERT INTO currencies.tags_currency (id, currency_id, tag_id) VALUES (934, 105, 58);
INSERT INTO currencies.tags_currency (id, currency_id, tag_id) VALUES (935, 105, 113);
INSERT INTO currencies.tags_currency (id, currency_id, tag_id) VALUES (936, 105, 162);
INSERT INTO currencies.tags_currency (id, currency_id, tag_id) VALUES (937, 106, 7);
INSERT INTO currencies.tags_currency (id, currency_id, tag_id) VALUES (938, 106, 8);
INSERT INTO currencies.tags_currency (id, currency_id, tag_id) VALUES (939, 106, 9);
INSERT INTO currencies.tags_currency (id, currency_id, tag_id) VALUES (940, 106, 13);
INSERT INTO currencies.tags_currency (id, currency_id, tag_id) VALUES (941, 106, 14);
INSERT INTO currencies.tags_currency (id, currency_id, tag_id) VALUES (942, 106, 18);
INSERT INTO currencies.tags_currency (id, currency_id, tag_id) VALUES (943, 106, 20);
INSERT INTO currencies.tags_currency (id, currency_id, tag_id) VALUES (944, 106, 22);
INSERT INTO currencies.tags_currency (id, currency_id, tag_id) VALUES (945, 106, 25);
INSERT INTO currencies.tags_currency (id, currency_id, tag_id) VALUES (946, 106, 31);
INSERT INTO currencies.tags_currency (id, currency_id, tag_id) VALUES (947, 106, 33);
INSERT INTO currencies.tags_currency (id, currency_id, tag_id) VALUES (948, 106, 36);
INSERT INTO currencies.tags_currency (id, currency_id, tag_id) VALUES (949, 106, 52);
INSERT INTO currencies.tags_currency (id, currency_id, tag_id) VALUES (950, 106, 80);
INSERT INTO currencies.tags_currency (id, currency_id, tag_id) VALUES (951, 106, 84);
INSERT INTO currencies.tags_currency (id, currency_id, tag_id) VALUES (952, 106, 101);
INSERT INTO currencies.tags_currency (id, currency_id, tag_id) VALUES (953, 106, 105);
INSERT INTO currencies.tags_currency (id, currency_id, tag_id) VALUES (954, 106, 108);
INSERT INTO currencies.tags_currency (id, currency_id, tag_id) VALUES (955, 106, 129);
INSERT INTO currencies.tags_currency (id, currency_id, tag_id) VALUES (956, 107, 33);
INSERT INTO currencies.tags_currency (id, currency_id, tag_id) VALUES (957, 107, 43);
INSERT INTO currencies.tags_currency (id, currency_id, tag_id) VALUES (958, 107, 80);
INSERT INTO currencies.tags_currency (id, currency_id, tag_id) VALUES (959, 107, 90);
INSERT INTO currencies.tags_currency (id, currency_id, tag_id) VALUES (960, 107, 141);
INSERT INTO currencies.tags_currency (id, currency_id, tag_id) VALUES (961, 107, 163);
INSERT INTO currencies.tags_currency (id, currency_id, tag_id) VALUES (962, 108, 12);
INSERT INTO currencies.tags_currency (id, currency_id, tag_id) VALUES (963, 108, 21);
INSERT INTO currencies.tags_currency (id, currency_id, tag_id) VALUES (964, 108, 25);
INSERT INTO currencies.tags_currency (id, currency_id, tag_id) VALUES (965, 108, 40);
INSERT INTO currencies.tags_currency (id, currency_id, tag_id) VALUES (966, 108, 45);
INSERT INTO currencies.tags_currency (id, currency_id, tag_id) VALUES (967, 108, 76);
INSERT INTO currencies.tags_currency (id, currency_id, tag_id) VALUES (968, 108, 80);
INSERT INTO currencies.tags_currency (id, currency_id, tag_id) VALUES (969, 108, 104);
INSERT INTO currencies.tags_currency (id, currency_id, tag_id) VALUES (970, 108, 164);
INSERT INTO currencies.tags_currency (id, currency_id, tag_id) VALUES (971, 109, 36);
INSERT INTO currencies.tags_currency (id, currency_id, tag_id) VALUES (972, 109, 45);
INSERT INTO currencies.tags_currency (id, currency_id, tag_id) VALUES (973, 109, 86);
INSERT INTO currencies.tags_currency (id, currency_id, tag_id) VALUES (974, 109, 109);
INSERT INTO currencies.tags_currency (id, currency_id, tag_id) VALUES (975, 110, 8);
INSERT INTO currencies.tags_currency (id, currency_id, tag_id) VALUES (976, 110, 9);
INSERT INTO currencies.tags_currency (id, currency_id, tag_id) VALUES (977, 110, 13);
INSERT INTO currencies.tags_currency (id, currency_id, tag_id) VALUES (978, 110, 15);
INSERT INTO currencies.tags_currency (id, currency_id, tag_id) VALUES (979, 110, 19);
INSERT INTO currencies.tags_currency (id, currency_id, tag_id) VALUES (980, 110, 45);
INSERT INTO currencies.tags_currency (id, currency_id, tag_id) VALUES (981, 110, 50);
INSERT INTO currencies.tags_currency (id, currency_id, tag_id) VALUES (982, 110, 75);
INSERT INTO currencies.tags_currency (id, currency_id, tag_id) VALUES (983, 110, 80);
INSERT INTO currencies.tags_currency (id, currency_id, tag_id) VALUES (984, 110, 90);
INSERT INTO currencies.tags_currency (id, currency_id, tag_id) VALUES (985, 110, 97);
INSERT INTO currencies.tags_currency (id, currency_id, tag_id) VALUES (986, 110, 100);
INSERT INTO currencies.tags_currency (id, currency_id, tag_id) VALUES (987, 110, 109);
INSERT INTO currencies.tags_currency (id, currency_id, tag_id) VALUES (988, 111, 5);
INSERT INTO currencies.tags_currency (id, currency_id, tag_id) VALUES (989, 111, 26);
INSERT INTO currencies.tags_currency (id, currency_id, tag_id) VALUES (990, 111, 34);
INSERT INTO currencies.tags_currency (id, currency_id, tag_id) VALUES (991, 111, 165);
INSERT INTO currencies.tags_currency (id, currency_id, tag_id) VALUES (992, 111, 166);
INSERT INTO currencies.tags_currency (id, currency_id, tag_id) VALUES (993, 113, 31);
INSERT INTO currencies.tags_currency (id, currency_id, tag_id) VALUES (994, 113, 35);
INSERT INTO currencies.tags_currency (id, currency_id, tag_id) VALUES (995, 113, 43);
INSERT INTO currencies.tags_currency (id, currency_id, tag_id) VALUES (996, 113, 51);
INSERT INTO currencies.tags_currency (id, currency_id, tag_id) VALUES (997, 113, 76);
INSERT INTO currencies.tags_currency (id, currency_id, tag_id) VALUES (998, 113, 80);
INSERT INTO currencies.tags_currency (id, currency_id, tag_id) VALUES (999, 113, 83);
INSERT INTO currencies.tags_currency (id, currency_id, tag_id) VALUES (1000, 113, 84);
INSERT INTO currencies.tags_currency (id, currency_id, tag_id) VALUES (1001, 113, 85);
INSERT INTO currencies.tags_currency (id, currency_id, tag_id) VALUES (1002, 113, 90);
INSERT INTO currencies.tags_currency (id, currency_id, tag_id) VALUES (1003, 113, 97);
INSERT INTO currencies.tags_currency (id, currency_id, tag_id) VALUES (1004, 113, 109);
INSERT INTO currencies.tags_currency (id, currency_id, tag_id) VALUES (1005, 113, 123);
INSERT INTO currencies.tags_currency (id, currency_id, tag_id) VALUES (1006, 113, 146);
INSERT INTO currencies.tags_currency (id, currency_id, tag_id) VALUES (1007, 113, 167);
INSERT INTO currencies.tags_currency (id, currency_id, tag_id) VALUES (1008, 113, 168);
INSERT INTO currencies.tags_currency (id, currency_id, tag_id) VALUES (1009, 114, 35);
INSERT INTO currencies.tags_currency (id, currency_id, tag_id) VALUES (1010, 114, 52);
INSERT INTO currencies.tags_currency (id, currency_id, tag_id) VALUES (1011, 114, 69);
INSERT INTO currencies.tags_currency (id, currency_id, tag_id) VALUES (1012, 114, 108);
INSERT INTO currencies.tags_currency (id, currency_id, tag_id) VALUES (1013, 114, 113);
INSERT INTO currencies.tags_currency (id, currency_id, tag_id) VALUES (1014, 114, 134);
INSERT INTO currencies.tags_currency (id, currency_id, tag_id) VALUES (1015, 115, 23);
INSERT INTO currencies.tags_currency (id, currency_id, tag_id) VALUES (1016, 115, 26);
INSERT INTO currencies.tags_currency (id, currency_id, tag_id) VALUES (1017, 115, 28);
INSERT INTO currencies.tags_currency (id, currency_id, tag_id) VALUES (1018, 115, 54);
INSERT INTO currencies.tags_currency (id, currency_id, tag_id) VALUES (1019, 115, 76);
INSERT INTO currencies.tags_currency (id, currency_id, tag_id) VALUES (1020, 115, 114);
INSERT INTO currencies.tags_currency (id, currency_id, tag_id) VALUES (1021, 115, 126);
INSERT INTO currencies.tags_currency (id, currency_id, tag_id) VALUES (1022, 116, 29);
INSERT INTO currencies.tags_currency (id, currency_id, tag_id) VALUES (1023, 116, 31);
INSERT INTO currencies.tags_currency (id, currency_id, tag_id) VALUES (1024, 116, 33);
INSERT INTO currencies.tags_currency (id, currency_id, tag_id) VALUES (1025, 116, 58);
INSERT INTO currencies.tags_currency (id, currency_id, tag_id) VALUES (1026, 117, 76);
INSERT INTO currencies.tags_currency (id, currency_id, tag_id) VALUES (1027, 117, 95);
INSERT INTO currencies.tags_currency (id, currency_id, tag_id) VALUES (1028, 117, 98);
INSERT INTO currencies.tags_currency (id, currency_id, tag_id) VALUES (1029, 118, 31);
INSERT INTO currencies.tags_currency (id, currency_id, tag_id) VALUES (1030, 118, 40);
INSERT INTO currencies.tags_currency (id, currency_id, tag_id) VALUES (1031, 118, 53);
INSERT INTO currencies.tags_currency (id, currency_id, tag_id) VALUES (1032, 118, 56);
INSERT INTO currencies.tags_currency (id, currency_id, tag_id) VALUES (1033, 118, 169);
INSERT INTO currencies.tags_currency (id, currency_id, tag_id) VALUES (1034, 119, 28);
INSERT INTO currencies.tags_currency (id, currency_id, tag_id) VALUES (1035, 119, 29);
INSERT INTO currencies.tags_currency (id, currency_id, tag_id) VALUES (1036, 119, 40);
INSERT INTO currencies.tags_currency (id, currency_id, tag_id) VALUES (1037, 119, 53);
INSERT INTO currencies.tags_currency (id, currency_id, tag_id) VALUES (1038, 120, 40);
INSERT INTO currencies.tags_currency (id, currency_id, tag_id) VALUES (1039, 120, 51);
INSERT INTO currencies.tags_currency (id, currency_id, tag_id) VALUES (1040, 120, 129);
INSERT INTO currencies.tags_currency (id, currency_id, tag_id) VALUES (1041, 120, 170);
INSERT INTO currencies.tags_currency (id, currency_id, tag_id) VALUES (1042, 121, 80);
INSERT INTO currencies.tags_currency (id, currency_id, tag_id) VALUES (1043, 121, 171);
INSERT INTO currencies.tags_currency (id, currency_id, tag_id) VALUES (1044, 122, 35);
INSERT INTO currencies.tags_currency (id, currency_id, tag_id) VALUES (1045, 122, 36);
INSERT INTO currencies.tags_currency (id, currency_id, tag_id) VALUES (1046, 122, 45);
INSERT INTO currencies.tags_currency (id, currency_id, tag_id) VALUES (1047, 122, 68);
INSERT INTO currencies.tags_currency (id, currency_id, tag_id) VALUES (1048, 122, 76);
INSERT INTO currencies.tags_currency (id, currency_id, tag_id) VALUES (1049, 122, 81);
INSERT INTO currencies.tags_currency (id, currency_id, tag_id) VALUES (1050, 122, 104);
INSERT INTO currencies.tags_currency (id, currency_id, tag_id) VALUES (1051, 122, 108);
INSERT INTO currencies.tags_currency (id, currency_id, tag_id) VALUES (1052, 122, 113);
INSERT INTO currencies.tags_currency (id, currency_id, tag_id) VALUES (1053, 122, 133);
INSERT INTO currencies.tags_currency (id, currency_id, tag_id) VALUES (1054, 122, 172);
INSERT INTO currencies.tags_currency (id, currency_id, tag_id) VALUES (1055, 123, 5);
INSERT INTO currencies.tags_currency (id, currency_id, tag_id) VALUES (1056, 123, 7);
INSERT INTO currencies.tags_currency (id, currency_id, tag_id) VALUES (1057, 123, 13);
INSERT INTO currencies.tags_currency (id, currency_id, tag_id) VALUES (1058, 123, 14);
INSERT INTO currencies.tags_currency (id, currency_id, tag_id) VALUES (1059, 123, 20);
INSERT INTO currencies.tags_currency (id, currency_id, tag_id) VALUES (1060, 123, 30);
INSERT INTO currencies.tags_currency (id, currency_id, tag_id) VALUES (1061, 123, 31);
INSERT INTO currencies.tags_currency (id, currency_id, tag_id) VALUES (1062, 123, 40);
INSERT INTO currencies.tags_currency (id, currency_id, tag_id) VALUES (1063, 123, 68);
INSERT INTO currencies.tags_currency (id, currency_id, tag_id) VALUES (1064, 123, 83);
INSERT INTO currencies.tags_currency (id, currency_id, tag_id) VALUES (1065, 123, 119);
INSERT INTO currencies.tags_currency (id, currency_id, tag_id) VALUES (1066, 123, 173);
INSERT INTO currencies.tags_currency (id, currency_id, tag_id) VALUES (1067, 124, 40);
INSERT INTO currencies.tags_currency (id, currency_id, tag_id) VALUES (1068, 124, 69);
INSERT INTO currencies.tags_currency (id, currency_id, tag_id) VALUES (1069, 124, 80);
INSERT INTO currencies.tags_currency (id, currency_id, tag_id) VALUES (1070, 124, 104);
INSERT INTO currencies.tags_currency (id, currency_id, tag_id) VALUES (1071, 125, 3);
INSERT INTO currencies.tags_currency (id, currency_id, tag_id) VALUES (1072, 125, 24);
INSERT INTO currencies.tags_currency (id, currency_id, tag_id) VALUES (1073, 125, 28);
INSERT INTO currencies.tags_currency (id, currency_id, tag_id) VALUES (1074, 125, 53);
INSERT INTO currencies.tags_currency (id, currency_id, tag_id) VALUES (1075, 125, 95);
INSERT INTO currencies.tags_currency (id, currency_id, tag_id) VALUES (1076, 125, 101);
INSERT INTO currencies.tags_currency (id, currency_id, tag_id) VALUES (1077, 125, 159);
INSERT INTO currencies.tags_currency (id, currency_id, tag_id) VALUES (1078, 125, 174);
INSERT INTO currencies.tags_currency (id, currency_id, tag_id) VALUES (1079, 126, 25);
INSERT INTO currencies.tags_currency (id, currency_id, tag_id) VALUES (1080, 126, 36);
INSERT INTO currencies.tags_currency (id, currency_id, tag_id) VALUES (1081, 126, 45);
INSERT INTO currencies.tags_currency (id, currency_id, tag_id) VALUES (1082, 126, 54);
INSERT INTO currencies.tags_currency (id, currency_id, tag_id) VALUES (1083, 126, 58);
INSERT INTO currencies.tags_currency (id, currency_id, tag_id) VALUES (1084, 126, 59);
INSERT INTO currencies.tags_currency (id, currency_id, tag_id) VALUES (1085, 126, 71);
INSERT INTO currencies.tags_currency (id, currency_id, tag_id) VALUES (1086, 126, 80);
INSERT INTO currencies.tags_currency (id, currency_id, tag_id) VALUES (1087, 126, 81);
INSERT INTO currencies.tags_currency (id, currency_id, tag_id) VALUES (1088, 126, 105);
INSERT INTO currencies.tags_currency (id, currency_id, tag_id) VALUES (1089, 126, 116);
INSERT INTO currencies.tags_currency (id, currency_id, tag_id) VALUES (1090, 126, 118);
INSERT INTO currencies.tags_currency (id, currency_id, tag_id) VALUES (1091, 126, 173);
INSERT INTO currencies.tags_currency (id, currency_id, tag_id) VALUES (1092, 127, 1);
INSERT INTO currencies.tags_currency (id, currency_id, tag_id) VALUES (1093, 127, 28);
INSERT INTO currencies.tags_currency (id, currency_id, tag_id) VALUES (1094, 127, 58);
INSERT INTO currencies.tags_currency (id, currency_id, tag_id) VALUES (1095, 127, 175);
INSERT INTO currencies.tags_currency (id, currency_id, tag_id) VALUES (1096, 128, 36);
INSERT INTO currencies.tags_currency (id, currency_id, tag_id) VALUES (1097, 128, 105);
INSERT INTO currencies.tags_currency (id, currency_id, tag_id) VALUES (1098, 129, 12);
INSERT INTO currencies.tags_currency (id, currency_id, tag_id) VALUES (1099, 129, 15);
INSERT INTO currencies.tags_currency (id, currency_id, tag_id) VALUES (1100, 129, 36);
INSERT INTO currencies.tags_currency (id, currency_id, tag_id) VALUES (1101, 129, 58);
INSERT INTO currencies.tags_currency (id, currency_id, tag_id) VALUES (1102, 129, 71);
INSERT INTO currencies.tags_currency (id, currency_id, tag_id) VALUES (1103, 129, 76);
INSERT INTO currencies.tags_currency (id, currency_id, tag_id) VALUES (1104, 129, 80);
INSERT INTO currencies.tags_currency (id, currency_id, tag_id) VALUES (1105, 129, 81);
INSERT INTO currencies.tags_currency (id, currency_id, tag_id) VALUES (1106, 129, 95);
INSERT INTO currencies.tags_currency (id, currency_id, tag_id) VALUES (1107, 129, 110);
INSERT INTO currencies.tags_currency (id, currency_id, tag_id) VALUES (1108, 129, 116);
INSERT INTO currencies.tags_currency (id, currency_id, tag_id) VALUES (1109, 129, 129);
INSERT INTO currencies.tags_currency (id, currency_id, tag_id) VALUES (1110, 130, 6);
INSERT INTO currencies.tags_currency (id, currency_id, tag_id) VALUES (1111, 130, 7);
INSERT INTO currencies.tags_currency (id, currency_id, tag_id) VALUES (1112, 130, 9);
INSERT INTO currencies.tags_currency (id, currency_id, tag_id) VALUES (1113, 130, 16);
INSERT INTO currencies.tags_currency (id, currency_id, tag_id) VALUES (1114, 130, 19);
INSERT INTO currencies.tags_currency (id, currency_id, tag_id) VALUES (1115, 130, 43);
INSERT INTO currencies.tags_currency (id, currency_id, tag_id) VALUES (1116, 130, 45);
INSERT INTO currencies.tags_currency (id, currency_id, tag_id) VALUES (1117, 130, 56);
INSERT INTO currencies.tags_currency (id, currency_id, tag_id) VALUES (1118, 130, 80);
INSERT INTO currencies.tags_currency (id, currency_id, tag_id) VALUES (1119, 130, 95);
INSERT INTO currencies.tags_currency (id, currency_id, tag_id) VALUES (1120, 130, 96);
INSERT INTO currencies.tags_currency (id, currency_id, tag_id) VALUES (1121, 130, 98);
INSERT INTO currencies.tags_currency (id, currency_id, tag_id) VALUES (1122, 130, 100);
INSERT INTO currencies.tags_currency (id, currency_id, tag_id) VALUES (1123, 130, 171);
INSERT INTO currencies.tags_currency (id, currency_id, tag_id) VALUES (1124, 130, 176);
INSERT INTO currencies.tags_currency (id, currency_id, tag_id) VALUES (1125, 131, 12);
INSERT INTO currencies.tags_currency (id, currency_id, tag_id) VALUES (1126, 131, 25);
INSERT INTO currencies.tags_currency (id, currency_id, tag_id) VALUES (1127, 131, 26);
INSERT INTO currencies.tags_currency (id, currency_id, tag_id) VALUES (1128, 131, 43);
INSERT INTO currencies.tags_currency (id, currency_id, tag_id) VALUES (1129, 131, 72);
INSERT INTO currencies.tags_currency (id, currency_id, tag_id) VALUES (1130, 131, 76);
INSERT INTO currencies.tags_currency (id, currency_id, tag_id) VALUES (1131, 132, 58);
INSERT INTO currencies.tags_currency (id, currency_id, tag_id) VALUES (1132, 132, 110);
INSERT INTO currencies.tags_currency (id, currency_id, tag_id) VALUES (1133, 132, 114);
INSERT INTO currencies.tags_currency (id, currency_id, tag_id) VALUES (1134, 132, 116);
INSERT INTO currencies.tags_currency (id, currency_id, tag_id) VALUES (1135, 133, 70);
INSERT INTO currencies.tags_currency (id, currency_id, tag_id) VALUES (1136, 133, 80);
INSERT INTO currencies.tags_currency (id, currency_id, tag_id) VALUES (1137, 134, 42);
INSERT INTO currencies.tags_currency (id, currency_id, tag_id) VALUES (1138, 134, 45);
INSERT INTO currencies.tags_currency (id, currency_id, tag_id) VALUES (1139, 134, 86);
INSERT INTO currencies.tags_currency (id, currency_id, tag_id) VALUES (1140, 134, 108);
INSERT INTO currencies.tags_currency (id, currency_id, tag_id) VALUES (1141, 134, 134);
INSERT INTO currencies.tags_currency (id, currency_id, tag_id) VALUES (1142, 134, 139);
INSERT INTO currencies.tags_currency (id, currency_id, tag_id) VALUES (1143, 134, 177);
INSERT INTO currencies.tags_currency (id, currency_id, tag_id) VALUES (1144, 135, 6);
INSERT INTO currencies.tags_currency (id, currency_id, tag_id) VALUES (1145, 135, 19);
INSERT INTO currencies.tags_currency (id, currency_id, tag_id) VALUES (1146, 135, 24);
INSERT INTO currencies.tags_currency (id, currency_id, tag_id) VALUES (1147, 135, 25);
INSERT INTO currencies.tags_currency (id, currency_id, tag_id) VALUES (1148, 135, 43);
INSERT INTO currencies.tags_currency (id, currency_id, tag_id) VALUES (1149, 135, 46);
INSERT INTO currencies.tags_currency (id, currency_id, tag_id) VALUES (1150, 135, 72);
INSERT INTO currencies.tags_currency (id, currency_id, tag_id) VALUES (1151, 135, 80);
INSERT INTO currencies.tags_currency (id, currency_id, tag_id) VALUES (1152, 135, 90);
INSERT INTO currencies.tags_currency (id, currency_id, tag_id) VALUES (1153, 135, 93);
INSERT INTO currencies.tags_currency (id, currency_id, tag_id) VALUES (1154, 135, 95);
INSERT INTO currencies.tags_currency (id, currency_id, tag_id) VALUES (1155, 135, 96);
INSERT INTO currencies.tags_currency (id, currency_id, tag_id) VALUES (1156, 135, 97);
INSERT INTO currencies.tags_currency (id, currency_id, tag_id) VALUES (1157, 135, 98);
INSERT INTO currencies.tags_currency (id, currency_id, tag_id) VALUES (1158, 135, 178);
INSERT INTO currencies.tags_currency (id, currency_id, tag_id) VALUES (1159, 136, 18);
INSERT INTO currencies.tags_currency (id, currency_id, tag_id) VALUES (1160, 136, 45);
INSERT INTO currencies.tags_currency (id, currency_id, tag_id) VALUES (1161, 136, 51);
INSERT INTO currencies.tags_currency (id, currency_id, tag_id) VALUES (1162, 136, 52);
INSERT INTO currencies.tags_currency (id, currency_id, tag_id) VALUES (1163, 136, 54);
INSERT INTO currencies.tags_currency (id, currency_id, tag_id) VALUES (1164, 137, 36);
INSERT INTO currencies.tags_currency (id, currency_id, tag_id) VALUES (1165, 137, 68);
INSERT INTO currencies.tags_currency (id, currency_id, tag_id) VALUES (1166, 137, 76);
INSERT INTO currencies.tags_currency (id, currency_id, tag_id) VALUES (1167, 137, 86);
INSERT INTO currencies.tags_currency (id, currency_id, tag_id) VALUES (1168, 137, 105);
INSERT INTO currencies.tags_currency (id, currency_id, tag_id) VALUES (1169, 137, 108);
INSERT INTO currencies.tags_currency (id, currency_id, tag_id) VALUES (1170, 137, 126);
INSERT INTO currencies.tags_currency (id, currency_id, tag_id) VALUES (1171, 137, 129);
INSERT INTO currencies.tags_currency (id, currency_id, tag_id) VALUES (1172, 138, 108);
INSERT INTO currencies.tags_currency (id, currency_id, tag_id) VALUES (1173, 139, 31);
INSERT INTO currencies.tags_currency (id, currency_id, tag_id) VALUES (1174, 139, 58);
INSERT INTO currencies.tags_currency (id, currency_id, tag_id) VALUES (1175, 139, 68);
INSERT INTO currencies.tags_currency (id, currency_id, tag_id) VALUES (1176, 139, 179);
INSERT INTO currencies.tags_currency (id, currency_id, tag_id) VALUES (1177, 140, 40);
INSERT INTO currencies.tags_currency (id, currency_id, tag_id) VALUES (1178, 140, 58);
INSERT INTO currencies.tags_currency (id, currency_id, tag_id) VALUES (1179, 140, 76);
INSERT INTO currencies.tags_currency (id, currency_id, tag_id) VALUES (1180, 140, 81);
INSERT INTO currencies.tags_currency (id, currency_id, tag_id) VALUES (1181, 140, 114);
INSERT INTO currencies.tags_currency (id, currency_id, tag_id) VALUES (1182, 141, 10);
INSERT INTO currencies.tags_currency (id, currency_id, tag_id) VALUES (1183, 141, 24);
INSERT INTO currencies.tags_currency (id, currency_id, tag_id) VALUES (1184, 141, 35);
INSERT INTO currencies.tags_currency (id, currency_id, tag_id) VALUES (1185, 141, 54);
INSERT INTO currencies.tags_currency (id, currency_id, tag_id) VALUES (1186, 141, 58);
INSERT INTO currencies.tags_currency (id, currency_id, tag_id) VALUES (1187, 141, 76);
INSERT INTO currencies.tags_currency (id, currency_id, tag_id) VALUES (1188, 141, 95);
INSERT INTO currencies.tags_currency (id, currency_id, tag_id) VALUES (1189, 141, 98);
INSERT INTO currencies.tags_currency (id, currency_id, tag_id) VALUES (1190, 142, 5);
INSERT INTO currencies.tags_currency (id, currency_id, tag_id) VALUES (1191, 142, 8);
INSERT INTO currencies.tags_currency (id, currency_id, tag_id) VALUES (1192, 142, 25);
INSERT INTO currencies.tags_currency (id, currency_id, tag_id) VALUES (1193, 142, 26);
INSERT INTO currencies.tags_currency (id, currency_id, tag_id) VALUES (1194, 142, 42);
INSERT INTO currencies.tags_currency (id, currency_id, tag_id) VALUES (1195, 142, 76);
INSERT INTO currencies.tags_currency (id, currency_id, tag_id) VALUES (1196, 142, 95);
INSERT INTO currencies.tags_currency (id, currency_id, tag_id) VALUES (1197, 142, 180);
INSERT INTO currencies.tags_currency (id, currency_id, tag_id) VALUES (1198, 143, 35);
INSERT INTO currencies.tags_currency (id, currency_id, tag_id) VALUES (1199, 143, 68);
INSERT INTO currencies.tags_currency (id, currency_id, tag_id) VALUES (1200, 143, 126);
INSERT INTO currencies.tags_currency (id, currency_id, tag_id) VALUES (1201, 144, 45);
INSERT INTO currencies.tags_currency (id, currency_id, tag_id) VALUES (1202, 144, 64);
INSERT INTO currencies.tags_currency (id, currency_id, tag_id) VALUES (1203, 144, 65);
INSERT INTO currencies.tags_currency (id, currency_id, tag_id) VALUES (1204, 144, 68);
INSERT INTO currencies.tags_currency (id, currency_id, tag_id) VALUES (1205, 144, 113);
INSERT INTO currencies.tags_currency (id, currency_id, tag_id) VALUES (1206, 144, 132);
INSERT INTO currencies.tags_currency (id, currency_id, tag_id) VALUES (1207, 144, 134);
INSERT INTO currencies.tags_currency (id, currency_id, tag_id) VALUES (1208, 145, 29);
INSERT INTO currencies.tags_currency (id, currency_id, tag_id) VALUES (1209, 146, 25);
INSERT INTO currencies.tags_currency (id, currency_id, tag_id) VALUES (1210, 146, 31);
INSERT INTO currencies.tags_currency (id, currency_id, tag_id) VALUES (1211, 146, 33);
INSERT INTO currencies.tags_currency (id, currency_id, tag_id) VALUES (1212, 146, 54);
INSERT INTO currencies.tags_currency (id, currency_id, tag_id) VALUES (1213, 146, 58);
INSERT INTO currencies.tags_currency (id, currency_id, tag_id) VALUES (1214, 146, 103);
INSERT INTO currencies.tags_currency (id, currency_id, tag_id) VALUES (1215, 147, 11);
INSERT INTO currencies.tags_currency (id, currency_id, tag_id) VALUES (1216, 147, 21);
INSERT INTO currencies.tags_currency (id, currency_id, tag_id) VALUES (1217, 147, 33);
INSERT INTO currencies.tags_currency (id, currency_id, tag_id) VALUES (1218, 147, 71);
INSERT INTO currencies.tags_currency (id, currency_id, tag_id) VALUES (1219, 147, 79);
INSERT INTO currencies.tags_currency (id, currency_id, tag_id) VALUES (1220, 147, 158);
INSERT INTO currencies.tags_currency (id, currency_id, tag_id) VALUES (1221, 148, 1);
INSERT INTO currencies.tags_currency (id, currency_id, tag_id) VALUES (1222, 148, 13);
INSERT INTO currencies.tags_currency (id, currency_id, tag_id) VALUES (1223, 148, 27);
INSERT INTO currencies.tags_currency (id, currency_id, tag_id) VALUES (1224, 148, 28);
INSERT INTO currencies.tags_currency (id, currency_id, tag_id) VALUES (1225, 148, 58);
INSERT INTO currencies.tags_currency (id, currency_id, tag_id) VALUES (1226, 148, 73);
INSERT INTO currencies.tags_currency (id, currency_id, tag_id) VALUES (1227, 148, 76);
INSERT INTO currencies.tags_currency (id, currency_id, tag_id) VALUES (1228, 148, 93);
INSERT INTO currencies.tags_currency (id, currency_id, tag_id) VALUES (1229, 148, 110);
INSERT INTO currencies.tags_currency (id, currency_id, tag_id) VALUES (1230, 148, 114);
INSERT INTO currencies.tags_currency (id, currency_id, tag_id) VALUES (1231, 148, 116);
INSERT INTO currencies.tags_currency (id, currency_id, tag_id) VALUES (1232, 148, 181);
INSERT INTO currencies.tags_currency (id, currency_id, tag_id) VALUES (1233, 149, 9);
INSERT INTO currencies.tags_currency (id, currency_id, tag_id) VALUES (1234, 149, 20);
INSERT INTO currencies.tags_currency (id, currency_id, tag_id) VALUES (1235, 149, 35);
INSERT INTO currencies.tags_currency (id, currency_id, tag_id) VALUES (1236, 149, 46);
INSERT INTO currencies.tags_currency (id, currency_id, tag_id) VALUES (1237, 149, 83);
INSERT INTO currencies.tags_currency (id, currency_id, tag_id) VALUES (1238, 149, 98);
INSERT INTO currencies.tags_currency (id, currency_id, tag_id) VALUES (1239, 149, 101);
INSERT INTO currencies.tags_currency (id, currency_id, tag_id) VALUES (1240, 149, 168);
INSERT INTO currencies.tags_currency (id, currency_id, tag_id) VALUES (1241, 149, 182);
INSERT INTO currencies.tags_currency (id, currency_id, tag_id) VALUES (1242, 150, 8);
INSERT INTO currencies.tags_currency (id, currency_id, tag_id) VALUES (1243, 150, 19);
INSERT INTO currencies.tags_currency (id, currency_id, tag_id) VALUES (1244, 150, 40);
INSERT INTO currencies.tags_currency (id, currency_id, tag_id) VALUES (1245, 150, 45);
INSERT INTO currencies.tags_currency (id, currency_id, tag_id) VALUES (1246, 150, 53);
INSERT INTO currencies.tags_currency (id, currency_id, tag_id) VALUES (1247, 150, 80);
INSERT INTO currencies.tags_currency (id, currency_id, tag_id) VALUES (1248, 150, 109);
INSERT INTO currencies.tags_currency (id, currency_id, tag_id) VALUES (1249, 151, 49);
INSERT INTO currencies.tags_currency (id, currency_id, tag_id) VALUES (1250, 152, 95);
INSERT INTO currencies.tags_currency (id, currency_id, tag_id) VALUES (1251, 152, 108);
INSERT INTO currencies.tags_currency (id, currency_id, tag_id) VALUES (1252, 152, 113);
INSERT INTO currencies.tags_currency (id, currency_id, tag_id) VALUES (1253, 152, 132);
INSERT INTO currencies.tags_currency (id, currency_id, tag_id) VALUES (1254, 152, 134);
INSERT INTO currencies.tags_currency (id, currency_id, tag_id) VALUES (1255, 153, 57);
INSERT INTO currencies.tags_currency (id, currency_id, tag_id) VALUES (1256, 153, 69);
INSERT INTO currencies.tags_currency (id, currency_id, tag_id) VALUES (1257, 153, 76);
INSERT INTO currencies.tags_currency (id, currency_id, tag_id) VALUES (1258, 153, 84);
INSERT INTO currencies.tags_currency (id, currency_id, tag_id) VALUES (1259, 153, 104);
INSERT INTO currencies.tags_currency (id, currency_id, tag_id) VALUES (1260, 154, 7);
INSERT INTO currencies.tags_currency (id, currency_id, tag_id) VALUES (1261, 154, 9);
INSERT INTO currencies.tags_currency (id, currency_id, tag_id) VALUES (1262, 154, 10);
INSERT INTO currencies.tags_currency (id, currency_id, tag_id) VALUES (1263, 154, 15);
INSERT INTO currencies.tags_currency (id, currency_id, tag_id) VALUES (1264, 154, 24);
INSERT INTO currencies.tags_currency (id, currency_id, tag_id) VALUES (1265, 154, 25);
INSERT INTO currencies.tags_currency (id, currency_id, tag_id) VALUES (1266, 154, 33);
INSERT INTO currencies.tags_currency (id, currency_id, tag_id) VALUES (1267, 154, 50);
INSERT INTO currencies.tags_currency (id, currency_id, tag_id) VALUES (1268, 154, 58);
INSERT INTO currencies.tags_currency (id, currency_id, tag_id) VALUES (1269, 154, 71);
INSERT INTO currencies.tags_currency (id, currency_id, tag_id) VALUES (1270, 154, 77);
INSERT INTO currencies.tags_currency (id, currency_id, tag_id) VALUES (1271, 154, 79);
INSERT INTO currencies.tags_currency (id, currency_id, tag_id) VALUES (1272, 154, 80);
INSERT INTO currencies.tags_currency (id, currency_id, tag_id) VALUES (1273, 154, 84);
INSERT INTO currencies.tags_currency (id, currency_id, tag_id) VALUES (1274, 154, 90);
INSERT INTO currencies.tags_currency (id, currency_id, tag_id) VALUES (1275, 154, 95);
INSERT INTO currencies.tags_currency (id, currency_id, tag_id) VALUES (1276, 154, 98);
INSERT INTO currencies.tags_currency (id, currency_id, tag_id) VALUES (1277, 155, 1);
INSERT INTO currencies.tags_currency (id, currency_id, tag_id) VALUES (1278, 156, 18);
INSERT INTO currencies.tags_currency (id, currency_id, tag_id) VALUES (1279, 156, 45);
INSERT INTO currencies.tags_currency (id, currency_id, tag_id) VALUES (1280, 156, 54);
INSERT INTO currencies.tags_currency (id, currency_id, tag_id) VALUES (1281, 156, 56);
INSERT INTO currencies.tags_currency (id, currency_id, tag_id) VALUES (1282, 156, 76);
INSERT INTO currencies.tags_currency (id, currency_id, tag_id) VALUES (1283, 156, 93);
INSERT INTO currencies.tags_currency (id, currency_id, tag_id) VALUES (1284, 156, 113);
INSERT INTO currencies.tags_currency (id, currency_id, tag_id) VALUES (1285, 156, 182);
INSERT INTO currencies.tags_currency (id, currency_id, tag_id) VALUES (1286, 158, 8);
INSERT INTO currencies.tags_currency (id, currency_id, tag_id) VALUES (1287, 158, 31);
INSERT INTO currencies.tags_currency (id, currency_id, tag_id) VALUES (1288, 158, 36);
INSERT INTO currencies.tags_currency (id, currency_id, tag_id) VALUES (1289, 158, 52);
INSERT INTO currencies.tags_currency (id, currency_id, tag_id) VALUES (1290, 158, 71);
INSERT INTO currencies.tags_currency (id, currency_id, tag_id) VALUES (1291, 158, 77);
INSERT INTO currencies.tags_currency (id, currency_id, tag_id) VALUES (1292, 158, 79);
INSERT INTO currencies.tags_currency (id, currency_id, tag_id) VALUES (1293, 159, 18);
INSERT INTO currencies.tags_currency (id, currency_id, tag_id) VALUES (1294, 159, 126);
INSERT INTO currencies.tags_currency (id, currency_id, tag_id) VALUES (1295, 159, 183);
INSERT INTO currencies.tags_currency (id, currency_id, tag_id) VALUES (1296, 160, 8);
INSERT INTO currencies.tags_currency (id, currency_id, tag_id) VALUES (1297, 160, 36);
INSERT INTO currencies.tags_currency (id, currency_id, tag_id) VALUES (1298, 160, 42);
INSERT INTO currencies.tags_currency (id, currency_id, tag_id) VALUES (1299, 160, 45);
INSERT INTO currencies.tags_currency (id, currency_id, tag_id) VALUES (1300, 160, 56);
INSERT INTO currencies.tags_currency (id, currency_id, tag_id) VALUES (1301, 160, 75);
INSERT INTO currencies.tags_currency (id, currency_id, tag_id) VALUES (1302, 160, 76);
INSERT INTO currencies.tags_currency (id, currency_id, tag_id) VALUES (1303, 160, 78);
INSERT INTO currencies.tags_currency (id, currency_id, tag_id) VALUES (1304, 160, 80);
INSERT INTO currencies.tags_currency (id, currency_id, tag_id) VALUES (1305, 160, 81);
INSERT INTO currencies.tags_currency (id, currency_id, tag_id) VALUES (1306, 160, 86);
INSERT INTO currencies.tags_currency (id, currency_id, tag_id) VALUES (1307, 160, 91);
INSERT INTO currencies.tags_currency (id, currency_id, tag_id) VALUES (1308, 160, 93);
INSERT INTO currencies.tags_currency (id, currency_id, tag_id) VALUES (1309, 160, 105);
INSERT INTO currencies.tags_currency (id, currency_id, tag_id) VALUES (1310, 161, 5);
INSERT INTO currencies.tags_currency (id, currency_id, tag_id) VALUES (1311, 161, 8);
INSERT INTO currencies.tags_currency (id, currency_id, tag_id) VALUES (1312, 161, 58);
INSERT INTO currencies.tags_currency (id, currency_id, tag_id) VALUES (1313, 161, 73);
INSERT INTO currencies.tags_currency (id, currency_id, tag_id) VALUES (1314, 161, 103);
INSERT INTO currencies.tags_currency (id, currency_id, tag_id) VALUES (1315, 161, 157);
INSERT INTO currencies.tags_currency (id, currency_id, tag_id) VALUES (1316, 162, 8);
INSERT INTO currencies.tags_currency (id, currency_id, tag_id) VALUES (1317, 162, 31);
INSERT INTO currencies.tags_currency (id, currency_id, tag_id) VALUES (1318, 162, 32);
INSERT INTO currencies.tags_currency (id, currency_id, tag_id) VALUES (1319, 162, 36);
INSERT INTO currencies.tags_currency (id, currency_id, tag_id) VALUES (1320, 162, 45);
INSERT INTO currencies.tags_currency (id, currency_id, tag_id) VALUES (1321, 162, 54);
INSERT INTO currencies.tags_currency (id, currency_id, tag_id) VALUES (1322, 162, 58);
INSERT INTO currencies.tags_currency (id, currency_id, tag_id) VALUES (1323, 162, 82);
INSERT INTO currencies.tags_currency (id, currency_id, tag_id) VALUES (1324, 162, 84);
INSERT INTO currencies.tags_currency (id, currency_id, tag_id) VALUES (1325, 162, 86);
INSERT INTO currencies.tags_currency (id, currency_id, tag_id) VALUES (1326, 163, 17);
INSERT INTO currencies.tags_currency (id, currency_id, tag_id) VALUES (1327, 163, 33);
INSERT INTO currencies.tags_currency (id, currency_id, tag_id) VALUES (1328, 163, 40);
INSERT INTO currencies.tags_currency (id, currency_id, tag_id) VALUES (1329, 163, 66);
INSERT INTO currencies.tags_currency (id, currency_id, tag_id) VALUES (1330, 163, 69);
INSERT INTO currencies.tags_currency (id, currency_id, tag_id) VALUES (1331, 163, 108);
INSERT INTO currencies.tags_currency (id, currency_id, tag_id) VALUES (1332, 163, 113);
INSERT INTO currencies.tags_currency (id, currency_id, tag_id) VALUES (1333, 163, 132);
INSERT INTO currencies.tags_currency (id, currency_id, tag_id) VALUES (1334, 163, 134);
INSERT INTO currencies.tags_currency (id, currency_id, tag_id) VALUES (1335, 163, 145);
INSERT INTO currencies.tags_currency (id, currency_id, tag_id) VALUES (1336, 164, 9);
INSERT INTO currencies.tags_currency (id, currency_id, tag_id) VALUES (1337, 164, 19);
INSERT INTO currencies.tags_currency (id, currency_id, tag_id) VALUES (1338, 164, 25);
INSERT INTO currencies.tags_currency (id, currency_id, tag_id) VALUES (1339, 164, 36);
INSERT INTO currencies.tags_currency (id, currency_id, tag_id) VALUES (1340, 164, 41);
INSERT INTO currencies.tags_currency (id, currency_id, tag_id) VALUES (1341, 164, 43);
INSERT INTO currencies.tags_currency (id, currency_id, tag_id) VALUES (1342, 164, 45);
INSERT INTO currencies.tags_currency (id, currency_id, tag_id) VALUES (1343, 164, 56);
INSERT INTO currencies.tags_currency (id, currency_id, tag_id) VALUES (1344, 164, 80);
INSERT INTO currencies.tags_currency (id, currency_id, tag_id) VALUES (1345, 164, 81);
INSERT INTO currencies.tags_currency (id, currency_id, tag_id) VALUES (1346, 164, 82);
INSERT INTO currencies.tags_currency (id, currency_id, tag_id) VALUES (1347, 164, 90);
INSERT INTO currencies.tags_currency (id, currency_id, tag_id) VALUES (1348, 164, 95);
INSERT INTO currencies.tags_currency (id, currency_id, tag_id) VALUES (1349, 164, 96);
INSERT INTO currencies.tags_currency (id, currency_id, tag_id) VALUES (1350, 164, 97);
INSERT INTO currencies.tags_currency (id, currency_id, tag_id) VALUES (1351, 164, 98);
INSERT INTO currencies.tags_currency (id, currency_id, tag_id) VALUES (1352, 164, 99);
INSERT INTO currencies.tags_currency (id, currency_id, tag_id) VALUES (1353, 164, 108);
INSERT INTO currencies.tags_currency (id, currency_id, tag_id) VALUES (1354, 164, 113);
INSERT INTO currencies.tags_currency (id, currency_id, tag_id) VALUES (1355, 164, 176);
INSERT INTO currencies.tags_currency (id, currency_id, tag_id) VALUES (1356, 165, 5);
INSERT INTO currencies.tags_currency (id, currency_id, tag_id) VALUES (1357, 165, 7);
INSERT INTO currencies.tags_currency (id, currency_id, tag_id) VALUES (1358, 165, 8);
INSERT INTO currencies.tags_currency (id, currency_id, tag_id) VALUES (1359, 165, 17);
INSERT INTO currencies.tags_currency (id, currency_id, tag_id) VALUES (1360, 165, 35);
INSERT INTO currencies.tags_currency (id, currency_id, tag_id) VALUES (1361, 165, 103);
INSERT INTO currencies.tags_currency (id, currency_id, tag_id) VALUES (1362, 165, 166);
INSERT INTO currencies.tags_currency (id, currency_id, tag_id) VALUES (1363, 165, 178);
INSERT INTO currencies.tags_currency (id, currency_id, tag_id) VALUES (1364, 166, 32);
INSERT INTO currencies.tags_currency (id, currency_id, tag_id) VALUES (1365, 166, 33);
INSERT INTO currencies.tags_currency (id, currency_id, tag_id) VALUES (1366, 166, 45);
INSERT INTO currencies.tags_currency (id, currency_id, tag_id) VALUES (1367, 166, 58);
INSERT INTO currencies.tags_currency (id, currency_id, tag_id) VALUES (1368, 166, 126);
INSERT INTO currencies.tags_currency (id, currency_id, tag_id) VALUES (1369, 166, 184);
INSERT INTO currencies.tags_currency (id, currency_id, tag_id) VALUES (1370, 167, 43);
INSERT INTO currencies.tags_currency (id, currency_id, tag_id) VALUES (1371, 167, 113);
INSERT INTO currencies.tags_currency (id, currency_id, tag_id) VALUES (1372, 167, 134);
INSERT INTO currencies.tags_currency (id, currency_id, tag_id) VALUES (1373, 168, 68);
INSERT INTO currencies.tags_currency (id, currency_id, tag_id) VALUES (1374, 168, 75);
INSERT INTO currencies.tags_currency (id, currency_id, tag_id) VALUES (1375, 168, 98);
INSERT INTO currencies.tags_currency (id, currency_id, tag_id) VALUES (1376, 168, 132);
INSERT INTO currencies.tags_currency (id, currency_id, tag_id) VALUES (1377, 168, 134);
INSERT INTO currencies.tags_currency (id, currency_id, tag_id) VALUES (1378, 168, 154);
INSERT INTO currencies.tags_currency (id, currency_id, tag_id) VALUES (1379, 168, 168);
INSERT INTO currencies.tags_currency (id, currency_id, tag_id) VALUES (1380, 168, 185);
INSERT INTO currencies.tags_currency (id, currency_id, tag_id) VALUES (1381, 169, 36);
INSERT INTO currencies.tags_currency (id, currency_id, tag_id) VALUES (1382, 169, 37);
INSERT INTO currencies.tags_currency (id, currency_id, tag_id) VALUES (1383, 169, 39);
INSERT INTO currencies.tags_currency (id, currency_id, tag_id) VALUES (1384, 169, 45);
INSERT INTO currencies.tags_currency (id, currency_id, tag_id) VALUES (1385, 169, 49);
INSERT INTO currencies.tags_currency (id, currency_id, tag_id) VALUES (1386, 169, 105);
INSERT INTO currencies.tags_currency (id, currency_id, tag_id) VALUES (1387, 169, 131);
INSERT INTO currencies.tags_currency (id, currency_id, tag_id) VALUES (1388, 169, 150);
INSERT INTO currencies.tags_currency (id, currency_id, tag_id) VALUES (1389, 169, 156);
INSERT INTO currencies.tags_currency (id, currency_id, tag_id) VALUES (1390, 170, 1);
INSERT INTO currencies.tags_currency (id, currency_id, tag_id) VALUES (1391, 170, 26);
INSERT INTO currencies.tags_currency (id, currency_id, tag_id) VALUES (1392, 170, 28);
INSERT INTO currencies.tags_currency (id, currency_id, tag_id) VALUES (1393, 170, 31);
INSERT INTO currencies.tags_currency (id, currency_id, tag_id) VALUES (1394, 170, 34);
INSERT INTO currencies.tags_currency (id, currency_id, tag_id) VALUES (1395, 170, 58);
INSERT INTO currencies.tags_currency (id, currency_id, tag_id) VALUES (1396, 170, 72);
INSERT INTO currencies.tags_currency (id, currency_id, tag_id) VALUES (1397, 170, 76);
INSERT INTO currencies.tags_currency (id, currency_id, tag_id) VALUES (1398, 170, 186);
INSERT INTO currencies.tags_currency (id, currency_id, tag_id) VALUES (1399, 170, 187);
INSERT INTO currencies.tags_currency (id, currency_id, tag_id) VALUES (1400, 171, 35);
INSERT INTO currencies.tags_currency (id, currency_id, tag_id) VALUES (1401, 171, 188);
INSERT INTO currencies.tags_currency (id, currency_id, tag_id) VALUES (1402, 172, 51);
INSERT INTO currencies.tags_currency (id, currency_id, tag_id) VALUES (1403, 172, 134);
INSERT INTO currencies.tags_currency (id, currency_id, tag_id) VALUES (1404, 173, 1);
INSERT INTO currencies.tags_currency (id, currency_id, tag_id) VALUES (1405, 173, 7);
INSERT INTO currencies.tags_currency (id, currency_id, tag_id) VALUES (1406, 173, 9);
INSERT INTO currencies.tags_currency (id, currency_id, tag_id) VALUES (1407, 173, 11);
INSERT INTO currencies.tags_currency (id, currency_id, tag_id) VALUES (1408, 173, 13);
INSERT INTO currencies.tags_currency (id, currency_id, tag_id) VALUES (1409, 173, 14);
INSERT INTO currencies.tags_currency (id, currency_id, tag_id) VALUES (1410, 173, 18);
INSERT INTO currencies.tags_currency (id, currency_id, tag_id) VALUES (1411, 173, 21);
INSERT INTO currencies.tags_currency (id, currency_id, tag_id) VALUES (1412, 173, 26);
INSERT INTO currencies.tags_currency (id, currency_id, tag_id) VALUES (1413, 173, 28);
INSERT INTO currencies.tags_currency (id, currency_id, tag_id) VALUES (1414, 173, 31);
INSERT INTO currencies.tags_currency (id, currency_id, tag_id) VALUES (1415, 173, 32);
INSERT INTO currencies.tags_currency (id, currency_id, tag_id) VALUES (1416, 173, 58);
INSERT INTO currencies.tags_currency (id, currency_id, tag_id) VALUES (1417, 173, 60);
INSERT INTO currencies.tags_currency (id, currency_id, tag_id) VALUES (1418, 173, 76);
INSERT INTO currencies.tags_currency (id, currency_id, tag_id) VALUES (1419, 173, 80);
INSERT INTO currencies.tags_currency (id, currency_id, tag_id) VALUES (1420, 173, 84);
INSERT INTO currencies.tags_currency (id, currency_id, tag_id) VALUES (1421, 173, 95);
INSERT INTO currencies.tags_currency (id, currency_id, tag_id) VALUES (1422, 173, 103);
INSERT INTO currencies.tags_currency (id, currency_id, tag_id) VALUES (1423, 173, 108);
INSERT INTO currencies.tags_currency (id, currency_id, tag_id) VALUES (1424, 173, 123);
INSERT INTO currencies.tags_currency (id, currency_id, tag_id) VALUES (1425, 174, 1);
INSERT INTO currencies.tags_currency (id, currency_id, tag_id) VALUES (1426, 174, 28);
INSERT INTO currencies.tags_currency (id, currency_id, tag_id) VALUES (1427, 174, 40);
INSERT INTO currencies.tags_currency (id, currency_id, tag_id) VALUES (1428, 174, 53);
INSERT INTO currencies.tags_currency (id, currency_id, tag_id) VALUES (1429, 174, 108);
INSERT INTO currencies.tags_currency (id, currency_id, tag_id) VALUES (1430, 174, 126);
INSERT INTO currencies.tags_currency (id, currency_id, tag_id) VALUES (1431, 174, 189);
INSERT INTO currencies.tags_currency (id, currency_id, tag_id) VALUES (1432, 175, 35);
INSERT INTO currencies.tags_currency (id, currency_id, tag_id) VALUES (1433, 175, 41);
INSERT INTO currencies.tags_currency (id, currency_id, tag_id) VALUES (1434, 175, 43);
INSERT INTO currencies.tags_currency (id, currency_id, tag_id) VALUES (1435, 175, 46);
INSERT INTO currencies.tags_currency (id, currency_id, tag_id) VALUES (1436, 175, 56);
INSERT INTO currencies.tags_currency (id, currency_id, tag_id) VALUES (1437, 175, 81);
INSERT INTO currencies.tags_currency (id, currency_id, tag_id) VALUES (1438, 175, 190);
INSERT INTO currencies.tags_currency (id, currency_id, tag_id) VALUES (1439, 176, 36);
INSERT INTO currencies.tags_currency (id, currency_id, tag_id) VALUES (1440, 176, 80);
INSERT INTO currencies.tags_currency (id, currency_id, tag_id) VALUES (1441, 176, 98);
INSERT INTO currencies.tags_currency (id, currency_id, tag_id) VALUES (1442, 176, 111);
INSERT INTO currencies.tags_currency (id, currency_id, tag_id) VALUES (1443, 176, 158);
INSERT INTO currencies.tags_currency (id, currency_id, tag_id) VALUES (1444, 176, 191);
INSERT INTO currencies.tags_currency (id, currency_id, tag_id) VALUES (1445, 177, 40);
INSERT INTO currencies.tags_currency (id, currency_id, tag_id) VALUES (1446, 177, 52);
INSERT INTO currencies.tags_currency (id, currency_id, tag_id) VALUES (1447, 177, 101);
INSERT INTO currencies.tags_currency (id, currency_id, tag_id) VALUES (1448, 178, 5);
INSERT INTO currencies.tags_currency (id, currency_id, tag_id) VALUES (1449, 178, 92);
INSERT INTO currencies.tags_currency (id, currency_id, tag_id) VALUES (1450, 178, 140);
INSERT INTO currencies.tags_currency (id, currency_id, tag_id) VALUES (1451, 180, 10);
INSERT INTO currencies.tags_currency (id, currency_id, tag_id) VALUES (1452, 180, 17);
INSERT INTO currencies.tags_currency (id, currency_id, tag_id) VALUES (1453, 180, 31);
INSERT INTO currencies.tags_currency (id, currency_id, tag_id) VALUES (1454, 180, 32);
INSERT INTO currencies.tags_currency (id, currency_id, tag_id) VALUES (1455, 180, 52);
INSERT INTO currencies.tags_currency (id, currency_id, tag_id) VALUES (1456, 180, 58);
INSERT INTO currencies.tags_currency (id, currency_id, tag_id) VALUES (1457, 180, 59);
INSERT INTO currencies.tags_currency (id, currency_id, tag_id) VALUES (1458, 180, 84);
INSERT INTO currencies.tags_currency (id, currency_id, tag_id) VALUES (1459, 180, 85);
INSERT INTO currencies.tags_currency (id, currency_id, tag_id) VALUES (1460, 181, 1);
INSERT INTO currencies.tags_currency (id, currency_id, tag_id) VALUES (1461, 181, 28);
INSERT INTO currencies.tags_currency (id, currency_id, tag_id) VALUES (1462, 181, 31);
INSERT INTO currencies.tags_currency (id, currency_id, tag_id) VALUES (1463, 181, 76);
INSERT INTO currencies.tags_currency (id, currency_id, tag_id) VALUES (1464, 181, 95);
INSERT INTO currencies.tags_currency (id, currency_id, tag_id) VALUES (1465, 181, 98);
INSERT INTO currencies.tags_currency (id, currency_id, tag_id) VALUES (1466, 181, 103);
INSERT INTO currencies.tags_currency (id, currency_id, tag_id) VALUES (1467, 181, 110);
INSERT INTO currencies.tags_currency (id, currency_id, tag_id) VALUES (1468, 181, 114);
INSERT INTO currencies.tags_currency (id, currency_id, tag_id) VALUES (1469, 181, 116);
INSERT INTO currencies.tags_currency (id, currency_id, tag_id) VALUES (1470, 181, 122);
INSERT INTO currencies.tags_currency (id, currency_id, tag_id) VALUES (1471, 181, 161);
INSERT INTO currencies.tags_currency (id, currency_id, tag_id) VALUES (1472, 181, 190);
INSERT INTO currencies.tags_currency (id, currency_id, tag_id) VALUES (1473, 182, 5);
INSERT INTO currencies.tags_currency (id, currency_id, tag_id) VALUES (1474, 182, 9);
INSERT INTO currencies.tags_currency (id, currency_id, tag_id) VALUES (1475, 182, 13);
INSERT INTO currencies.tags_currency (id, currency_id, tag_id) VALUES (1476, 182, 24);
INSERT INTO currencies.tags_currency (id, currency_id, tag_id) VALUES (1477, 182, 36);
INSERT INTO currencies.tags_currency (id, currency_id, tag_id) VALUES (1478, 182, 80);
INSERT INTO currencies.tags_currency (id, currency_id, tag_id) VALUES (1479, 182, 81);
INSERT INTO currencies.tags_currency (id, currency_id, tag_id) VALUES (1480, 182, 91);
INSERT INTO currencies.tags_currency (id, currency_id, tag_id) VALUES (1481, 182, 95);
INSERT INTO currencies.tags_currency (id, currency_id, tag_id) VALUES (1482, 182, 98);
INSERT INTO currencies.tags_currency (id, currency_id, tag_id) VALUES (1483, 182, 140);
INSERT INTO currencies.tags_currency (id, currency_id, tag_id) VALUES (1484, 182, 142);
INSERT INTO currencies.tags_currency (id, currency_id, tag_id) VALUES (1485, 183, 1);
INSERT INTO currencies.tags_currency (id, currency_id, tag_id) VALUES (1486, 183, 12);
INSERT INTO currencies.tags_currency (id, currency_id, tag_id) VALUES (1487, 183, 28);
INSERT INTO currencies.tags_currency (id, currency_id, tag_id) VALUES (1488, 183, 31);
INSERT INTO currencies.tags_currency (id, currency_id, tag_id) VALUES (1489, 183, 53);
INSERT INTO currencies.tags_currency (id, currency_id, tag_id) VALUES (1490, 183, 54);
INSERT INTO currencies.tags_currency (id, currency_id, tag_id) VALUES (1491, 183, 58);
INSERT INTO currencies.tags_currency (id, currency_id, tag_id) VALUES (1492, 183, 59);
INSERT INTO currencies.tags_currency (id, currency_id, tag_id) VALUES (1493, 183, 76);
INSERT INTO currencies.tags_currency (id, currency_id, tag_id) VALUES (1494, 183, 83);
INSERT INTO currencies.tags_currency (id, currency_id, tag_id) VALUES (1495, 183, 84);
INSERT INTO currencies.tags_currency (id, currency_id, tag_id) VALUES (1496, 183, 101);
INSERT INTO currencies.tags_currency (id, currency_id, tag_id) VALUES (1497, 183, 104);
INSERT INTO currencies.tags_currency (id, currency_id, tag_id) VALUES (1498, 183, 161);
INSERT INTO currencies.tags_currency (id, currency_id, tag_id) VALUES (1499, 183, 192);
INSERT INTO currencies.tags_currency (id, currency_id, tag_id) VALUES (1500, 184, 68);
INSERT INTO currencies.tags_currency (id, currency_id, tag_id) VALUES (1501, 184, 75);
INSERT INTO currencies.tags_currency (id, currency_id, tag_id) VALUES (1502, 184, 154);
INSERT INTO currencies.tags_currency (id, currency_id, tag_id) VALUES (1503, 184, 157);
INSERT INTO currencies.tags_currency (id, currency_id, tag_id) VALUES (1504, 185, 3);
INSERT INTO currencies.tags_currency (id, currency_id, tag_id) VALUES (1505, 185, 5);
INSERT INTO currencies.tags_currency (id, currency_id, tag_id) VALUES (1506, 185, 12);
INSERT INTO currencies.tags_currency (id, currency_id, tag_id) VALUES (1507, 185, 80);
INSERT INTO currencies.tags_currency (id, currency_id, tag_id) VALUES (1508, 185, 92);
INSERT INTO currencies.tags_currency (id, currency_id, tag_id) VALUES (1509, 186, 19);
INSERT INTO currencies.tags_currency (id, currency_id, tag_id) VALUES (1510, 186, 36);
INSERT INTO currencies.tags_currency (id, currency_id, tag_id) VALUES (1511, 186, 58);
INSERT INTO currencies.tags_currency (id, currency_id, tag_id) VALUES (1512, 187, 193);
INSERT INTO currencies.tags_currency (id, currency_id, tag_id) VALUES (1513, 188, 40);
INSERT INTO currencies.tags_currency (id, currency_id, tag_id) VALUES (1514, 188, 80);
INSERT INTO currencies.tags_currency (id, currency_id, tag_id) VALUES (1515, 189, 31);
INSERT INTO currencies.tags_currency (id, currency_id, tag_id) VALUES (1516, 189, 54);
INSERT INTO currencies.tags_currency (id, currency_id, tag_id) VALUES (1517, 189, 57);
INSERT INTO currencies.tags_currency (id, currency_id, tag_id) VALUES (1518, 189, 58);
INSERT INTO currencies.tags_currency (id, currency_id, tag_id) VALUES (1519, 190, 3);
INSERT INTO currencies.tags_currency (id, currency_id, tag_id) VALUES (1520, 190, 40);
INSERT INTO currencies.tags_currency (id, currency_id, tag_id) VALUES (1521, 190, 53);
INSERT INTO currencies.tags_currency (id, currency_id, tag_id) VALUES (1522, 190, 107);
INSERT INTO currencies.tags_currency (id, currency_id, tag_id) VALUES (1523, 190, 181);
INSERT INTO currencies.tags_currency (id, currency_id, tag_id) VALUES (1524, 191, 58);
INSERT INTO currencies.tags_currency (id, currency_id, tag_id) VALUES (1525, 191, 76);
INSERT INTO currencies.tags_currency (id, currency_id, tag_id) VALUES (1526, 191, 110);
INSERT INTO currencies.tags_currency (id, currency_id, tag_id) VALUES (1527, 191, 114);
INSERT INTO currencies.tags_currency (id, currency_id, tag_id) VALUES (1528, 191, 116);
INSERT INTO currencies.tags_currency (id, currency_id, tag_id) VALUES (1529, 192, 68);
INSERT INTO currencies.tags_currency (id, currency_id, tag_id) VALUES (1530, 193, 6);
INSERT INTO currencies.tags_currency (id, currency_id, tag_id) VALUES (1531, 193, 25);
INSERT INTO currencies.tags_currency (id, currency_id, tag_id) VALUES (1532, 193, 33);
INSERT INTO currencies.tags_currency (id, currency_id, tag_id) VALUES (1533, 193, 43);
INSERT INTO currencies.tags_currency (id, currency_id, tag_id) VALUES (1534, 193, 46);
INSERT INTO currencies.tags_currency (id, currency_id, tag_id) VALUES (1535, 193, 51);
INSERT INTO currencies.tags_currency (id, currency_id, tag_id) VALUES (1536, 193, 80);
INSERT INTO currencies.tags_currency (id, currency_id, tag_id) VALUES (1537, 193, 90);
INSERT INTO currencies.tags_currency (id, currency_id, tag_id) VALUES (1538, 193, 95);
INSERT INTO currencies.tags_currency (id, currency_id, tag_id) VALUES (1539, 193, 97);
INSERT INTO currencies.tags_currency (id, currency_id, tag_id) VALUES (1540, 193, 98);
INSERT INTO currencies.tags_currency (id, currency_id, tag_id) VALUES (1541, 193, 100);
INSERT INTO currencies.tags_currency (id, currency_id, tag_id) VALUES (1542, 194, 8);
INSERT INTO currencies.tags_currency (id, currency_id, tag_id) VALUES (1543, 194, 30);
INSERT INTO currencies.tags_currency (id, currency_id, tag_id) VALUES (1544, 194, 31);
INSERT INTO currencies.tags_currency (id, currency_id, tag_id) VALUES (1545, 194, 35);
INSERT INTO currencies.tags_currency (id, currency_id, tag_id) VALUES (1546, 194, 36);
INSERT INTO currencies.tags_currency (id, currency_id, tag_id) VALUES (1547, 194, 43);
INSERT INTO currencies.tags_currency (id, currency_id, tag_id) VALUES (1548, 194, 45);
INSERT INTO currencies.tags_currency (id, currency_id, tag_id) VALUES (1549, 194, 46);
INSERT INTO currencies.tags_currency (id, currency_id, tag_id) VALUES (1550, 194, 58);
INSERT INTO currencies.tags_currency (id, currency_id, tag_id) VALUES (1551, 194, 59);
INSERT INTO currencies.tags_currency (id, currency_id, tag_id) VALUES (1552, 194, 84);
INSERT INTO currencies.tags_currency (id, currency_id, tag_id) VALUES (1553, 194, 86);
INSERT INTO currencies.tags_currency (id, currency_id, tag_id) VALUES (1554, 194, 105);
INSERT INTO currencies.tags_currency (id, currency_id, tag_id) VALUES (1555, 194, 122);
INSERT INTO currencies.tags_currency (id, currency_id, tag_id) VALUES (1556, 194, 123);
INSERT INTO currencies.tags_currency (id, currency_id, tag_id) VALUES (1557, 194, 139);
INSERT INTO currencies.tags_currency (id, currency_id, tag_id) VALUES (1558, 194, 192);
INSERT INTO currencies.tags_currency (id, currency_id, tag_id) VALUES (1559, 195, 4);
INSERT INTO currencies.tags_currency (id, currency_id, tag_id) VALUES (1560, 195, 25);
INSERT INTO currencies.tags_currency (id, currency_id, tag_id) VALUES (1561, 195, 35);
INSERT INTO currencies.tags_currency (id, currency_id, tag_id) VALUES (1562, 195, 43);
INSERT INTO currencies.tags_currency (id, currency_id, tag_id) VALUES (1563, 195, 45);
INSERT INTO currencies.tags_currency (id, currency_id, tag_id) VALUES (1564, 195, 52);
INSERT INTO currencies.tags_currency (id, currency_id, tag_id) VALUES (1565, 195, 54);
INSERT INTO currencies.tags_currency (id, currency_id, tag_id) VALUES (1566, 195, 58);
INSERT INTO currencies.tags_currency (id, currency_id, tag_id) VALUES (1567, 195, 71);
INSERT INTO currencies.tags_currency (id, currency_id, tag_id) VALUES (1568, 195, 79);
INSERT INTO currencies.tags_currency (id, currency_id, tag_id) VALUES (1569, 195, 83);
INSERT INTO currencies.tags_currency (id, currency_id, tag_id) VALUES (1570, 195, 84);
INSERT INTO currencies.tags_currency (id, currency_id, tag_id) VALUES (1571, 195, 86);
INSERT INTO currencies.tags_currency (id, currency_id, tag_id) VALUES (1572, 195, 166);
INSERT INTO currencies.tags_currency (id, currency_id, tag_id) VALUES (1573, 196, 35);
INSERT INTO currencies.tags_currency (id, currency_id, tag_id) VALUES (1574, 196, 81);
INSERT INTO currencies.tags_currency (id, currency_id, tag_id) VALUES (1575, 196, 113);
INSERT INTO currencies.tags_currency (id, currency_id, tag_id) VALUES (1576, 196, 134);
INSERT INTO currencies.tags_currency (id, currency_id, tag_id) VALUES (1577, 198, 68);
INSERT INTO currencies.tags_currency (id, currency_id, tag_id) VALUES (1578, 198, 108);
INSERT INTO currencies.tags_currency (id, currency_id, tag_id) VALUES (1579, 198, 113);
INSERT INTO currencies.tags_currency (id, currency_id, tag_id) VALUES (1580, 198, 134);
INSERT INTO currencies.tags_currency (id, currency_id, tag_id) VALUES (1581, 198, 145);
INSERT INTO currencies.tags_currency (id, currency_id, tag_id) VALUES (1582, 199, 15);
INSERT INTO currencies.tags_currency (id, currency_id, tag_id) VALUES (1583, 199, 33);
INSERT INTO currencies.tags_currency (id, currency_id, tag_id) VALUES (1584, 199, 69);
INSERT INTO currencies.tags_currency (id, currency_id, tag_id) VALUES (1585, 199, 101);
INSERT INTO currencies.tags_currency (id, currency_id, tag_id) VALUES (1586, 199, 104);
INSERT INTO currencies.tags_currency (id, currency_id, tag_id) VALUES (1587, 200, 48);
INSERT INTO currencies.tags_currency (id, currency_id, tag_id) VALUES (1588, 200, 49);
